20230423_RCC_1216_pfa_OD_nhs-tub-Hoechst,rcc1216_pfa_dna-tub-nhs_20230423_od
20230423_RCC_1534_pfa_OD_nhs-tub-Hoechst,rcc1534_pfa_nhs-tub-dna_20230423_od
20230423_RCC_1536_pfa_OD_nhs-tub-Hoechst,rcc1536_pfa_nhs-tub-dna_20230423_od
20230423_RCC_15_pfa_OD_nhs-tub-Hoechst,rcc15_pfa_nhs-tub-dna_20230423_od
20230423_RCC_1805_pfa_OD_nhs-tub-Hoechst,rcc1805_pfa_nhs-tub-dna_20230423_od
20230423_RCC_417_pfa_OD_nhs-tub-Hoechst,rcc417_pfa_nhs-tub-dna_20230423_od
20230423_RCC_4660_pfa_OD_nhs-tub-Hoechst,rcc4660_pfa_nhs-tub-dna_20230423_od
20230423_RCC_6124_pfa_OD_nhs-tub-Hoechst,rcc6124_pfa_dna-tub-nhs_20230423_od
20230423_RCC_6369_pfa_OD_nhs-tub-Hoechst,rcc6369_pfa_nhs-tub-dna_20230423_od
20230423_RCC_6716_pfa_OD_nhs-tub-Hoechst,rcc6716_pfa_nhs-tub-dna_20230423_od
20230423_RCC_AC269_pfa_OD_nhs-tub-Hoechst,rcc10349_pfa_nhs-tub-dna_20230423_od
20230423_RCC_ARC373_pfa_OD_nhs-tub-Hoechst,rccarc373_pfa_nhs-tub-dna_20230423_od
20230423_RCC_ARC47_pfa_OD_nhs-tub-Hoechst,rcc10360_pfa_nhs-tub-dna_20230423_od
20230423_RCC_C1975_pfa_OD_nhs-tub-Hoechst,rcc10369_pfa_nhs-tub-dna_20230423_od
20230423_RCC_CB1C1_pfa_OD_nhs-tub-Hoechst,rcc10445_pfa_nhs-tub-dna_20230423_od
20230423_RCC_K1823_pfa_OD_nhs-tub-Hoechst,rcc6443_pfa_nhs-tub-dna_20230423_od
20230423_RCC_P22-107_pfa_OD_nhs-tub-Hoechst,rcc10642_pfa_dna-tub-nhs_20230423_od
20230423_RCC_P22-56_pfa_OD_nhs-tub-Hoechst,rcc10649_pfa_nhs-tub-dna_20230423_od
20230423_RCC_Vf21-85_pfa_OD_nhs-tub-Hoechst,rcc10922_pfa_dna-tub-nhs_20230423_od
20230423_RCC_Z8_pfa_OD_nhs-tub-Hoechst,rcc10956_pfa_nhs-tub-dna_20230423_od
20230424_rcc1512_vf21-17_chem-nhs_e7_hoechst_001,rcc1512rcc10887_pfa_nhs-tub-dna_20230424_fm_01
20230424_rcc1512_vf21-17_chem-nhs_e7_hoechst_002,rcc1512rcc10887_pfa_nhs-tub-dna_20230424_fm_02
20230424_rcc1512_vf21-17_chem-nhs_e7_hoechst_003,rcc1512rcc10887_pfa_nhs-tub-dna_20230424_fm_03
20230424_rcc1512_vf21-17_chem-nhs_e7_hoechst_004,rcc1512rcc10887_pfa_nhs-tub-dna_20230424_fm_04
20230424_rcc5488_rcc5532_chem-nhs_e7_hoechst_001,rcc5488rcc5532_pfa_nhs-tub-dna_20230424_fm_01
20230424_rcc5488_rcc5532_chem-nhs_e7_hoechst_002,rcc5488rcc5532_pfa_nhs-tub-dna_20230424_fm_02
20230424_rcc5488_rcc5532_chem-nhs_e7_hoechst_003,rcc5488rcc5532_pfa_nhs-tub-dna_20230424_fm_03
20230424_rcc5610_rcc6123_chem-nhs_e7_hoechst_001,rcc5610rcc6123_pfa_nhs-tub-dna_20230424_fm_01
20230424_rcc5610_rcc6123_chem-nhs_e7_hoechst_002,rcc5610rcc6123_pfa_nhs-tub-dna_20230424_fm_02
20230424_rcc6169_rcc6518_chem-nhs_e7_hoechst_001,rcc6169rcc6518_pfa_nhs-tub-dna_20230424_fm_01
20230424_rcc6169_rcc6518_chem-nhs_e7_hoechst_002,rcc6169rcc6518_pfa_nhs-tub-dna_20230424_fm_02
20230424_rcc6169_rcc6518_chem-nhs_e7_hoechst_003,rcc6169rcc6518_pfa_nhs-tub-dna_20230424_fm_03
20230424_rcc6604_rcc6327_chem-nhs_e7_hoechst_001,rcc6604rcc6327_pfa_nhs-tub-dna_20230424_csd_01
20230424_rcc6604_rcc6327_chem-nhs_e7_hoechst_002,rcc6604rcc6327_pfa_nhs-tub-dna_20230424_csd_02
20230424_rcc6604_rcc6327_chem-nhs_e7_hoechst_003,rcc6604rcc6327_pfa_nhs-tub-dna_20230424_csd_03
20230424_rcc6604_rcc6327_chem-nhs_e7_hoechst_004,rcc6604rcc6327_pfa_nhs-tub-dna_20230424_csd_04
20230424_s1-6_rcc6251_chem-nhs_e7_hoechst_001,rcc6251_pfa_nhs-tub-dna_20230424_csd_01
20230424_s1-6_rcc6251_chem-nhs_e7_hoechst_002,rcc6251_pfa_nhs-tub-dna_20230424_csd_02
20230424_s1-6_rcc6251_chem-nhs_e7_hoechst_003,rccs1-6_pfa_nhs-tub-dna_20230424_csd_03
20230426_5610-5532_chem_nhs-e7-hoechst_002,rcc5610rcc5532_pfa_nhs-tub-dna_20230426_fm_02
20230426_6169-6518_chem_nhs-e7-hoechst_001,rcc6169rcc6518_pfa_nhs-tub-dna_20230426_fm_01
20230426_6604-6327_chem_nhs-e7-hoechst_001,rcc6604rcc6327_pfa_nhs-tub-dna_20230426_csd_01
20230426_s1-6_chem-e7_10x_002,rccs1-6_pfa_tub_20230426_fm_02
20230426_s1-6_chem-nhs_e7_hoechst_10x_001,rccs1-6_pfa_nhs-tub-dna_20230426_fm_01
20230426_s1-6_chem-nhs_e7_hoechst_10x_003,rccs1-6_pfa_nhs-tub-dna_20230426_fm_03
20230427_rcck1260_pfa_hoechst-tub-centr-1,rcck1260_pfa_dna-tub-cetn_20230427_cl_01
20230427_rcck1260_pfa_hoechst-tub-centr-2,rcck1260_pfa_dna-tub-cetn_20230427_cl_02
20230427_rcck1260_pfa_hoechst-tub-centr-4,rcck1260_pfa_dna-tub-cetn_20230427_cl_04
20230506_RCC_1536_pfa_OD_tub-Hoechst-act,rcc1536_pfa_tub-dna-act_20230506_od
20230516_rcc2962_pfa_hoechst-nhs-tub,rcc2962_pfa_dna-nhs-tub_20230516_cl
20230516_rccac7_pfa_hoechst-nhs-tub-1,rcc10623_pfa_dna-nhs-tub_20230516_cl_01
20230516_rccac7_pfa_hoechst-nhs-tub-2,rcc10623_pfa_dna-nhs-tub_20230516_cl_02
20230516_rcck1260_pfa_hoechst-nhs-tub,rcck1260_pfa_dna-nhs-tub_20230516_cl
20230516_rccvf21-89_pfa_hoechst-nhs-tub,rcc10924_pfa_dna-nhs-tub_20230516_cl
20230519_rcc7000_pfa_hoechst-nhs-tub,rcc7000_pfa_dna-nhs-tub_20230519_cl
20230522_rcc6234_pfa_hoechst-tub-centr,rcc6234_pfa_dna-tub-cetn_20230522_cl
20230522_rcc7000_pfa_hoechst-tub-centr-1,rcc7000_pfa_dna-tub-cetn_20230522_cl_01
20230522_rcc7000_pfa_hoechst-tub-centr-2,rcc7000_pfa_dna-tub-cetn_20230522_cl_02
20230522_rcc7000_pfa_hoechst-tub-centr-3,rcc7000_pfa_dna-tub-cetn_20230522_cl_03
20230522_rcc7000_pfa_hoechst-tub-centr-4,rcc7000_pfa_dna-tub-cetn_20230522_cl_04
20230522_rcc7000_pfa_hoechst-tub-centr-5,rcc7000_pfa_dna-tub-cetn_20230522_cl_05
20230523_RCC_856_pfa_OD_nhs-tub-Hoechst,rcc856_pfa_nhs-tub-dna_20230523_od
20230523_RCC_CB1C1_pfa_OD_nhs-tub-Hoechst,rcc10445_pfa_nhs-tub-dna_20230523_od
20230523_RCC_K-0961_pfa_OD_nhs-tub-Hoechst,rcck-0961_pfa_nhs-tub-dna_20230523_od
20230523_RCC_P22-112_pfa_OD_nhs-tub-Hoechst,rcc10618_pfa_nhs-tub-dna_20230523_od
20230523_RCC_Vf21-108_pfa_OD_nhs-tub-Hoechst,rcc10862_pfa_nhs-tub-dna_20230523_od
20230523_RCC_Vf21-31_pfa_OD_nhs-tub-Hoechst,rcc10895_pfa_nhs-tub-dna_20230523_od
20230523_RCC_Vf21-99_pfa_OD_nhs-tub-Hoechst,rcc10933_pfa_nhs-tub-dna_20230523_od
20230531_RCC_1186_pfa_OD_Hoechst-tub-nhs,rcc1186_pfa_dna-tub-nhs_20230531_od
20230531_RCC_3430_pfa_OD_Hoechst-tub-nhs,rcc3430_pfa_dna-tub-nhs_20230531_od
20230531_RCC_3777_pfa_OD_Hoechst-tub-nhs,rcc3777_pfa_dna-tub-nhs_20230531_od
20230531_RCC_5277_pfa_OD_Hoechst-tub-nhs,rcc5277_pfa_dna-tub-nhs_20230531_od
20230531_RCC_6181_pfa_OD_Hoechst-tub-nhs,rcc6181_pfa_dna-tub-nhs_20230531_od
20230531_RCC_K-0961_pfa_OD_Hoechst-tub-nhs,rcck-0961_pfa_dna-tub-nhs_20230531_od
20230531_RCC_P2-B1_pfa_OD_Hoechst-tub-nhs,rccp2-b1_pfa_dna-tub-nhs_20230531_od
20230531_RCC_P22-112_pfa_OD_Hoechst-tub-nhs,rcc10618_pfa_dna-tub-nhs_20230531_od
20230531_RCC_Vf21-31_pfa_OD_Hoechst-tub-nhs,rcc10895_pfa_dna-tub-nhs_20230531_od
20230531_RCC_Vf21-99_pfa_OD_Hoechst-tub-nhs,rcc10933_pfa_dna-tub-nhs_20230531_od
20230616_RCC_1130_pfa_OD_Hoechst-tub-nhs,rcc1130_pfa_dna-tub-nhs_20230616_od
20230616_RCC_1217_pfa_OD_Hoechst-tub-nhs,rcc1217_pfa_dna-tub-nhs_20230616_od
20230616_RCC_1490_pfa_OD_Hoechst-tub-nhs,rcc1490_pfa_dna-tub-nhs_20230616_od
20230616_RCC_1502_pfa_OD_Hoechst-tub-nhs,rcc1502_pfa_dna-tub-nhs_20230616_od
20230616_RCC_1871_pfa_OD_Hoechst-tub-nhs,rcc1871_pfa_dna-tub-nhs_20230616_od
20230616_RCC_3002_pfa_OD_Hoechst-tub-nhs,rcc3002_pfa_dna-tub-nhs_20230616_od
20230616_RCC_3436_pfa_OD_Hoechst-tub-nhs,rcc3436_pfa_dna-tub-nhs_20230616_od
20230616_RCC_3691_pfa_OD_Hoechst-tub-nhs,rcc3691_pfa_dna-tub-nhs_20230616_od
20230616_RCC_4434_pfa_OD_Hoechst-tub-nhs,rcc4434_pfa_dna-tub-nhs_20230616_od
20230616_RCC_626_pfa_OD_Hoechst-tub-nhs,rcc626_pfa_dna-tub-nhs_20230616_od
20230616_RCC_6731_pfa_OD_Hoechst-tub-nhs,rcc6731_pfa_dna-tub-nhs_20230616_od
20230616_RCC_7050_pfa_OD_Hoechst-tub-nhs,rcc7050_pfa_nhs-tub-dna_20230616_od
20230616_RCC_GATIN95_pfa_OD_Hoechst-tub-nhs,rcc7769_pfa_dna-tub-nhs_20230616_od
20230616_RCC_P22-13_pfa_OD_Hoechst-tub-nhs,rcc10722_pfa_dna-tub-nhs_20230616_od
20230616_RCC_P22-KU_pfa_OD_Hoechst-tub-nhs,rcc10738_pfa_dna-tub-nhs_20230616_od
20230616_rccp2281_pfa_tub-hoechst-nhs,rccp22-81_pfa_dna-nhs-tub_20230616_cl
20230616_rccpretk1_pfa_tub-hoechst-nhs,rcc4104_pfa_tub-dna-nhs_20230616_cl
20230621_Tokyo_chem_NHS_tub_centr_DNA_001,tokyo_pfa_nhs-tub-cetn-dna_20230621_fm_01
20230621_Tokyo_chem_NHS_tub_centr_DNA_002,tokyo_pfa_nhs-tub-cetn-dna_20230621_fm_02
20230621_Tokyo_chem_NHS_tub_centr_DNA_003,tokyo_pfa_nhs-tub-cetn-dna_20230621_fm_03
20230621_Tokyo_chem_NHS_tub_centr_DNA_004,tokyo_pfa_nhs-tub-cetn-dna_20230621_fm_04
20230621_Tokyo_chem_NHS_tub_centr_DNA_005,tokyo_pfa_nhs-tub-cetn-dna_20230621_fm_05
20230621_Tokyo_chem_NHS_tub_centr_DNA_006,tokyo_pfa_nhs-tub-cetn-dna_20230621_fm_06
20230621_Tokyo_chem_NHS_tub_centr_DNA_007,tokyo_pfa_nhs-tub-cetn-dna_20230621_fm_07
20230621_Tokyo_chem_NHS_tub_centr_DNA_008,tokyo_pfa_nhs-tub-cetn-dna_20230621_fm_08
20230621_Tokyo_chem_NHS_tub_centr_DNA_009,tokyo_pfa_nhs-tub-cetn-dna_20230621_fm_09
20230621_Tokyo_chem_NHS_tub_centr_DNA_010,tokyo_pfa_nhs-tub-cetn-dna_20230621_fm_10
20230621_Tokyo_chem_NHS_tub_centr_DNA_011,tokyo_pfa_nhs-tub-cetn-dna_20230621_fm_11
20230621_Tokyo_chem_NHS_tub_centr_DNA_012,tokyo_pfa_nhs-tub-cetn-dna_20230621_fm_12
20230621_Tokyo_chem_NHS_tub_centr_DNA_013,tokyo_pfa_nhs-tub-cetn-dna_20230621_fm_13
20230621_Tokyo_chem_NHS_tub_centr_DNA_014,tokyo_pfa_nhs-tub-cetn-dna_20230621_fm_14
20230621_Tokyo_chem_NHS_tub_centr_DNA_015,tokyo_pfa_nhs-tub-cetn-dna_20230621_fm_15
20230621_Tokyo_chem_NHS_tub_centr_DNA_016,tokyo_pfa_nhs-tub-cetn-dna_20230621_fm_16
20230621_Tokyo_chem_NHS_tub_centr_DNA_017,tokyo_pfa_nhs-tub-cetn-dna_20230621_fm_17
20230621_Tokyo_chem_NHS_tub_centr_DNA_018,tokyo_pfa_nhs-tub-cetn-dna_20230621_fm_18
20230621_Tokyo_chem_NHS_tub_centr_DNA_019,tokyo_pfa_nhs-tub-cetn-dna_20230621_fm_19
20230621_Tokyo_chem_NHS_tub_centr_DNA_020,tokyo_pfa_nhs-tub-cetn-dna_20230621_fm_20
20230621_Tokyo_chem_NHS_tub_centr_DNA_021,tokyo_pfa_nhs-tub-cetn-dna_20230621_fm_21
20230625_Tokyo_NHS_tub_centr_DNA_Experiment-356-Airyscan_Processing-04,tokyo_pfa_nhs-tub-cetn-dna_20230625_fm_04
20230625_Tokyo_NHS_tub_centr_DNA_Experiment-357-Airyscan_Processing-05,tokyo_pfa_nhs-tub-cetn-dna_20230625_fm_05
20230625_Tokyo_NHS_tub_centr_DNA_Experiment-358-Airyscan_Processing-06,tokyo_pfa_nhs-tub-cetn-dna_20230625_fm_06
20230625_Tokyo_NHS_tub_centr_DNA_Experiment-359-Airyscan_Processing-03,tokyo_pfa_nhs-tub-cetn-dna_20230625_fm_03
20230625_Tokyo_NHS_tub_centr_DNA_Experiment-360-Airyscan_Processing-02,tokyo_pfa_nhs-tub-cetn_20230625_fm_02
20230625_Tokyo_NHS_tub_centr_DNA_Experiment-361-Airyscan_Processing-07,tokyo_pfa_nhs-tub-cetn-dna_20230625_fm_07
20230626_rcc33741_pfa_tub-hoechst-nhs,rcc3374_pfa_tub-dna-nhs_20230626_cl
20230629_Tokyo_chem-0.025GA_actin_bodipy_tubulin_DNA_Point0000_Seq0000,tokyo_pfa_act-tub-bod-dna_20230629_fm_01
20230629_Tokyo_chem-0.025GA_actin_bodipy_tubulin_DNA_Point0001_Seq0001,tokyo_pfa_act-tub-bod-dna_20230629_fm_02
20230629_Tokyo_chem-0.025GA_actin_bodipy_tubulin_DNA_Point0002_Seq0002,tokyo_pfa_act-tub-bod-dna_20230629_fm_03
20230629_Tokyo_chem-0.025GA_actin_bodipy_tubulin_DNA_Point0002_Seq0002_2,tokyo_pfa_act-tub-bod-dna_20230629_fm_04
20230629_Tokyo_chem-0.025GA_actin_bodipy_tubulin_DNA_Point0003_Seq0003,tokyo_pfa_act-tub-bod-dna_20230629_fm_05
20230629_Tokyo_chem-0.025GA_actin_bodipy_tubulin_DNA_Point0003_Seq0003_2,tokyo_pfa_act-tub-bod-dna_20230629_fm_06
20230629_Tokyo_chem-0.025GA_actin_bodipy_tubulin_DNA_Point0004_Seq0004,tokyo_pfa_act-tub-bod-dna_20230629_fm_07
20230629_Tokyo_chem-0.025GA_actin_bodipy_tubulin_DNA_Point0005_Seq0005,tokyo_pfa_act-tub-bod-dna_20230629_fm_08
20230629_Tokyo_chem-0.025GA_actin_bodipy_tubulin_DNA_Point0006_Seq0006,tokyo_pfa_act-tub-bod-dna_20230629_fm_09
20230629_Tokyo_chem-0.025GA_actin_bodipy_tubulin_DNA_Point0007_Seq0007,tokyo_pfa_act-tub-bod-dna_20230629_fm_10
20230629_Tokyo_chem-0.025GA_actin_bodipy_tubulin_DNA_Point0008_Seq0008,tokyo_pfa_act-tub-bod-dna_20230629_fm_11
20230629_Tokyo_chem-0.025GA_actin_bodipy_tubulin_DNA_Point0009_Seq0009,tokyo_pfa_act-tub-bod-dna_20230629_fm_12
20230629_Tokyo_chem-0.025GA_actin_bodipy_tubulin_DNA_Point0010_Seq0010,tokyo_pfa_act-tub-bod-dna_20230629_fm_13
20230629_Tokyo_chem-0.025GA_actin_bodipy_tubulin_DNA_Point0011_Seq0011,tokyo_pfa_act-tub-bod-dna_20230629_fm_14
20230629_Tokyo_chem-0.025GA_actin_bodipy_tubulin_DNA_Point0012_Seq0012,tokyo_pfa_act-tub-bod-dna_20230629_fm_15
20230629_Tokyo_chem-0.025GA_actin_bodipy_tubulin_DNA_Point0013_Seq0013,tokyo_pfa_act-tub-bod-dna_20230629_fm_16
20230629_Tokyo_chem-0.025GA_npc_bodipy_tubulin_DNA_Point0000_Seq0000,tokyo_pfa_npc-bod-tub-dna_20230629_fm_00
20230629_Tokyo_chem-0.025GA_npc_bodipy_tubulin_DNA_Point0001_Seq0001,tokyo_pfa_npc-bod-tub-dna_20230629_fm_01
20230704_Tokyo_PCNA_bodipy_all-tub_DNA_001,tokyo_pfa_pcna-tub-bod-dna_20230704_fm_01
20230704_Tokyo_PCNA_bodipy_all-tub_DNA_002,tokyo_pfa_pcna-tub-bod-dna_20230704_fm_02
20230704_Tokyo_PCNA_bodipy_all-tub_DNA_003,tokyo_pfa_bod-tub-dna_20230704_fm_03
20230704_Tokyo_PCNA_bodipy_all-tub_DNA_004,tokyo_pfa_bod-tub-dna_20230704_fm_04
20230704_rcc3374_pfa_centr-tub-hoechst,rcc3374_pfa_cetn-tub-dna_20230704_cl
20230704_rcc4804_pfa_centr-tub-hoechst,rcc4804_pfa_cetn-tub-dna_20230704_cl
20230704_rcc6444_pfa_centr-tub-hoechst,rcc6444_pfa_cetn-tub-dna_20230704_cl
20230704_rccq1-11_pfa_centr-tub-hoechst,rcc10777_pfa_cetn-tub-dna_20230704_cl
20230705_Tokyo_chem_0.01ga_Hoechst_tub-488_bodipy_001,tokyo_pfa_bod-tub-dna_20230705_fm_01
20230705_Tokyo_chem_0.01ga_Hoechst_tub-488_bodipy_002,tokyo_pfa_bod-tub-dna_20230705_fm_02
20230705_Tokyo_chem_0.01ga_Hoechst_tub-488_bodipy_003,tokyo_pfa_bod-tub-dna_20230705_fm_03
20230705_Tokyo_chem_0.01ga_Hoechst_tub-488_bodipy_004,tokyo_pfa_bod-tub-dna_20230705_fm_04
20230705_Tokyo_chem_0.01ga_Hoechst_tub-488_bodipy_005,tokyo_pfa_bod-tub-dna_20230705_fm_05
20230705_Tokyo_chem_0.01ga_Hoechst_tub-488_bodipy_006,tokyo_pfa_bod-tub-dna_20230705_fm_06
20230705_Tokyo_chem_0.01ga_Hoechst_tub-488_bodipy_007,tokyo_pfa_bod-tub-dna_20230705_fm_07
20230705_Tokyo_chem_0.01ga_Hoechst_tub-488_bodipy_008,tokyo_pfa_bod-tub-dna_20230705_fm_08
20230705_Tokyo_chem_0.01ga_Hoechst_tub-488_bodipy_009,tokyo_pfa_bod-tub-dna_20230705_fm_09
20230705_Tokyo_chem_0.01ga_Hoechst_tub-488_bodipy_010,tokyo_pfa_bod-tub-dna_20230705_fm_10
20230705_Tokyo_chem_0.01ga_Hoechst_tub-488_bodipy_011,tokyo_pfa_bod-tub-dna_20230705_fm_11
20230705_rcc4804_pfa_tub-hoechst-nhs,rcc4804_pfa_tub-dna-nhs_20230705_cl
20230705_rcc6444_pfa_hoechst-nhs-tub-1,rcc6444_pfa_dna-nhs-tub_20230705_cl_01
20230705_rcc6444_pfa_hoechst-nhs-tub-2,rcc6444_pfa_dna-nhs-tub_20230705_cl_02
20230705_rcc6444_pfa_hoechst-nhs-tub-3,rcc6444_pfa_dna-nhs-tub_20230705_cl_03
20230705_rcc6444_pfa_hoechst-nhs-tub-4,rcc6444_pfa_dna-nhs-tub_20230705_cl_04
20230705_rccq1-11_pfa_hoechst-nhs-tub-1,rcc10777_pfa_dna-nhs-tub_20230705_cl_01
20230705_rccq1-11_pfa_hoechst-nhs-tub-2,rcc10777_pfa_dna-nhs-tub_20230705_cl_02
20230705_rccq1-11_pfa_hoechst-nhs-tub-3,rcc10777_pfa_dna-nhs-tub_20230705_cl_03
20230705_rccq1-11_pfa_hoechst-nhs-tub-4,rcc10777_pfa_dna-nhs-tub_20230705_cl_04
20230707_RCC_2040_pfa_OD_Hoechst-tub-nhs,rcc2040_pfa_dna-tub-nhs_20230707_od
20230707_RCC_2491_pfa_OD_Hoechst-tub-nhs,rcc2491_pfa_dna-tub-nhs_20230707_od
20230707_RCC_3594_pfa_OD_Hoechst-tub-nhs,rcc3594_pfa_dna-tub-nhs_20230707_od
20230710_Tokyo_chem_NHS-centr-tub-DNA_Point0000_Seq0000,tokyo_pfa_nhs-cetn-tub-dna_20230710_fm_01
20230710_Tokyo_chem_NHS-centr-tub-DNA_Point0000_Seq0000_2,tokyo_pfa_nhs-cetn-tub-dna_20230710_fm_02
20230710_Tokyo_chem_NHS-centr-tub-DNA_Point0001_Seq0001,tokyo_pfa_nhs-cetn-tub-dna_20230710_fm_03
20230710_Tokyo_chem_NHS-centr-tub-DNA_Point0001_Seq0001_2,tokyo_pfa_nhs-cetn-tub-dna_20230710_fm_04
20230710_Tokyo_chem_NHS-centr-tub-DNA_Point0002_Seq0002,tokyo_pfa_nhs-cetn-tub-dna_20230710_fm_05
20230711_Tokyo_001,tokyo_pfa_nhs-tub-cetn-dna_20230711_fm_01
20230711_Tokyo_002,tokyo_pfa_nhs-tub-cetn-dna_20230711_fm_02
20230711_Tokyo_003,tokyo_pfa_nhs-tub-cetn-dna_20230711_fm_03
20230712_7014_PFA-NHS_e7_DNA_001,rcc7014_pfa_nhs-tub-dna_20230712_fm_01
20230712_7014_PFA-NHS_e7_DNA_002,rcc7014_pfa_nhs-tub-dna_20230712_fm_02
20230712_IFCC19-038_PFA-NHS_e7_DNA_001,rcc10431_pfa_nhs-tub-dna_20230712_fm_01
20230712_IFCC19-038_PFA-NHS_e7_DNA_002,rcc10431_pfa_nhs-tub-dna_20230712_fm_02
20230712_IFKGK_PFA-NHS_e7_DNA_001,rccif-kge-ic_pfa_nhs-tub-dna_20230712_fm_01
20230712_IFKGK_PFA-NHS_e7_DNA_002,rccif-kge-ic_pfa_nhs-tub-dna_20230712_fm_02
20230717_tokyo_NHS_tub_cetn_DNA_004,tokyo_pfa_nhs-tub-cetn-dna_20230717_fm_04
20230717_tokyo_NHS_tub_cetn_DNA_005,tokyo_pfa_nhs-tub-cetn-dna_20230717_fm_05
20230717_tokyo_NHS_tub_cetn_DNA_006,tokyo_pfa_nhs-tub-cetn-dna_20230717_fm_06
20230717_tokyo_NHS_tub_cetn_DNA_007,tokyo_pfa_nhs-tub-cetn_20230717_fm_07
20230717_tokyo_NHS_tub_cetn_DNA_008,tokyo_pfa_nhs-tub-cetn-dna_20230717_fm_08
20230717_tokyo_NHS_tub_cetn_DNA_009,tokyo_pfa_nhs-tub-cetn-dna_20230717_fm_09
20230717_tokyo_NHS_tub_cetn_DNA_017,tokyo_pfa_nhs-cetn-dna_20230717_fm_17
20230717_tokyo_flabellula_plungefrozen_NHS_tub_actin_DNA_001,tokyo_pl_nhs-tub-act-dna_20230717_fm_01
20230717_tokyo_flabellula_plungefrozen_NHS_tub_actin_DNA_002,tokyo_pl_nhs-tub-act-dna_20230717_fm_02
20230717_tokyo_flabellula_plungefrozen_NHS_tub_actin_DNA_003,tokyo_pl_nhs-tub-act-dna_20230717_fm_03
20230717_tokyo_flabellula_plungefrozen_NHS_tub_actin_DNA_004,tokyo_pl_nhs-tub-act-dna_20230717_fm_04
20230717_tokyo_flabellula_plungefrozen_NHS_tub_actin_DNA_005,tokyo_pl_nhs-tub-act-dna_20230717_fm_05
20230718_rcc5249_pfa_centr-tub-hoechst,rcc5249_pfa_cetn-tub-dna_20230718_cl
20230718_rcc6323_pfa_centr-tub-hoechst,rcc6323_pfa_cetn-tub-dna_20230718_cl
20230718_rcc_1521_pfa_csd_hoechst_tub_nhs_na_01,rcc1521_pfa_dna-tub-nhs-na_20230718_csd_01
20230718_rcc_1521_pfa_csd_hoechst_tub_nhs_na_02,rcc1521_pfa_dna-tub-nhs-na_20230718_csd_02
20230718_rcc_3536_pfa_csd_hoechst_tub_nha_na_01,rcc3536_pfa_dna-tub-nhs-na_20230718_csd_01
20230718_rcc_3536_pfa_csd_hoechst_tub_nha_na_02,rcc3536_pfa_dna-tub-nhs-na_20230718_csd_02
20230718_rcc_3536_pfa_csd_hoechst_tub_nha_na_03,rcc3536_pfa_dna-tub-nhs-na_20230718_csd_03
20230718_rcc_3536_pfa_csd_hoechst_tub_nha_na_04,rcc3536_pfa_dna-tub-nhs-na_20230718_csd_04
20230718_rcc_3536_pfa_csd_hoechst_tub_nha_na_05,rcc3536_pfa_dna-tub-nhs-na_20230718_csd_05
20230718_rcc_3536_pfa_csd_hoechst_tub_nha_na_06,rcc3536_pfa_dna-tub-nhs-na_20230718_csd_06
20230718_rcc_P21-B2_pfa_csd_hoechst_tub_nhs_na_01,rcc6387_pfa_dna-tub-nhs-na_20230718_csd_01
20230718_rcc_P21-B2_pfa_csd_hoechst_tub_nhs_na_02,rcc6387_pfa_dna-tub-nhs-na_20230718_csd_02
20230718_rcc_P21-B2_pfa_csd_hoechst_tub_nhs_na_03,rcc6387_pfa_dna-tub-nhs-na_20230718_csd_03
20230719_rcc5249_pfa_hoechst-nhs-tub,rcc5249_pfa_dna-nhs-tub_20230719_cl
20230719_rcc_6695_pfa_csd_hoechst_tub_nha_na_01,rcc6695_pfa_dna-tub-nhs-na_20230719_csd_01
20230719_rcc_VF21-40_pfa_csd_hoechst_tub_nhs_na_01,rcc10902_pfa_dna-tub-nhs-na_20230719_csd_01
20230720_rcc_696_P22-75_csd_Hoechst_tub_nhs_na_01,rcc696rcc10662_pfa_dna-tub-nhs-na_20230720_csd_01
20230720_rcc_P21-B2_pfa_csd_hoechst_tub_nhs_na_01,rcc6387_pfa_dna-tub-nhs-na_20230720_csd_01
20230720_rcc_P21-B2_pfa_csd_hoechst_tub_nhs_na_02,rcc6387_pfa_dna-tub-nhs-na_20230720_csd_02
20230720_rcc_P21-B2_pfa_csd_hoechst_tub_nhs_na_03,rcc6387_pfa_dna-tub-nhs-na_20230720_csd_03
20230720_rcc_P22-43_P14-178_pfa_csd_Hoechst_tub_nhs_na_01,rcc10647rcc10636_pfa_dna-tub-nhs-bf_20230720_csd_01
20230720_rcc_P22-43_P14-178_pfa_csd_Hoechst_tub_nhs_na_02,rcc10647rcc10636_pfa_dna-tub-nhs-bf_20230720_csd_02
20230720_rcc_P22-43_P14-178_pfa_csd_Hoechst_tub_nhs_na_03,rcc10647rcc10636_pfa_dna-tub-nhs-bf_20230720_csd_03
20230720_rcc_P22-43_P14-178_pfa_csd_Hoechst_tub_nhs_na_04,rcc10647rcc10636_pfa_dna-tub-nhs-bf_20230720_csd_04
20230720_rcc_P22-43_P14-178_pfa_csd_Hoechst_tub_nhs_na_05,rcc10647rcc10636_pfa_dna-tub-nhs-bf_20230720_csd_05
20230720_rcc_ZE10_C3528_pfa_csd_hoechst_tub_nhs_na_01,rcc10633rcc10381_pfa_dna-tub-nhs-na_20230720_csd_01
20230720_rcc_ZE10_C3528_pfa_csd_hoechst_tub_nhs_na_02,rcc10633rcc10381_pfa_dna-tub-nhs-na_20230720_csd_02
20230720_rcc_ZE10_C3528_pfa_csd_hoechst_tub_nhs_na_03,rcc10633rcc10381_pfa_dna-tub-nhs-na_20230720_csd_03
20230720_rcc_ZE10_C3528_pfa_csd_hoechst_tub_nhs_na_04,rcc10633rcc10381_pfa_dna-tub-nhs-na_20230720_csd_04
20230720_rcc_ZE10_C3528_pfa_csd_hoechst_tub_nhs_na_05,rcc10633rcc10381_pfa_dna-tub-nhs-na_20230720_csd_05
20230720_rcc_ZE10_C3528_pfa_csd_hoechst_tub_nhs_na_06,rcc10633rcc10381_pfa_dna-tub-nhs-na_20230720_csd_06
20230720_rcc_ZE10_C3528_pfa_csd_hoechst_tub_nhs_na_07,rcc10633rcc10381_pfa_dna-tub-nhs-na_20230720_csd_07
20230721_rcc1522_pfa_nhs-tub-hoechst,rcc1522_pfa_nhs-tub-dna_20230721_cl
20230721_rcc6684_pfa_nhs-tub-hoechst,rcc6684_pfa_nhs-tub-dna_20230721_cl
20230724_rcc1522_pfa_centr-tub-hoechst,rcc1522_pfa_cetn-tub-dna_20230724_cl
20230728_rcc_3511_P22-120_pfa_csd_Hoechst_tub_nhs_na_01,rcc3511rcc10719_pfa_dna-tub-nhs_20230728_csd_01
20230728_rcc_3511_P22-120_pfa_csd_Hoechst_tub_nhs_na_02,rcc3511rcc10719_pfa_dna-tub-nhs_20230728_csd_02
20230728_rcc_3511_P22-120_pfa_csd_Hoechst_tub_nhs_na_03,rcc3511rcc10719_pfa_dna-tub-nhs_20230728_csd_03
20230728_rcc_3511_P22-120_pfa_csd_Hoechst_tub_nhs_na_04,rcc3511rcc10719_pfa_dna-tub-nhs_20230728_csd_04
20230728_rcc_3511_P22-120_pfa_csd_Hoechst_tub_nhs_na_05,rcc3511rcc10719_pfa_dna-tub-nhs_20230728_csd_05
20230728_rcc_696_P22-75_csd_hoechst_tub_nhs_na_01,rcc696rcc10662_pfa_dna-tub-nhs_20230728_csd_01
20230728_rcc_999_UTH-EZ_pfa_csd_hoechst_tub_nhs_na_01,rcc999rcc2538_pfa_dna-tub-nhs_20230728_csd_01
20230728_rcc_999_UTH-EZ_pfa_csd_hoechst_tub_nhs_na_02,rcc999rcc2538_pfa_dna-tub-nhs_20230728_csd_02
20230728_rcc_999_UTH-EZ_pfa_csd_hoechst_tub_nhs_na_03,rcc999rcc2538_pfa_dna-tub-nhs_20230728_csd_03
20230728_rcc_999_UTH-EZ_pfa_csd_hoechst_tub_nhs_na_04,rcc999rcc2538_pfa_dna-tub-nhs_20230728_csd_04
20230728_rcc_999_UTH-EZ_pfa_csd_hoechst_tub_nhs_na_05,rcc999rcc2538_pfa_dna-tub-nhs_20230728_csd_05
20230728_rcc_999_UTH-EZ_pfa_csd_hoechst_tub_nhs_na_06,rcc999rcc2538_pfa_dna-tub-nhs_20230728_csd_06
20230728_rcc_999_UTH-EZ_pfa_csd_hoechst_tub_nhs_na_07,rcc999rcc2538_pfa_dna-tub-nhs_20230728_csd_07
20230728_rcc_999_UTH-EZ_pfa_csd_hoechst_tub_nhs_na_08,rcc999rcc2538_pfa_dna-tub-nhs_20230728_csd_08
20230728_rcc_999_UTH-EZ_pfa_csd_hoechst_tub_nhs_na_09,rcc999rcc2538_pfa_dna-tub-nhs_20230728_csd_09
20230731_rcc_3511_P22-120_pfa_csd_Hoechst_tub_nhs_na_01,rcc3511rcc10719_pfa_dna-tub-nhs_20230731_csd_01
20230731_rcc_3511_P22-120_pfa_csd_Hoechst_tub_nhs_na_02,rcc3511rcc10719_pfa_dna-tub-nhs_20230731_csd_02
20230731_rcc_3511_P22-120_pfa_csd_Hoechst_tub_nhs_na_03,rcc3511rcc10719_pfa_dna-tub-nhs_20230731_csd_03
20230731_rcc_3511_P22-120_pfa_csd_Hoechst_tub_nhs_na_04,rcc3511rcc10719_pfa_dna-tub-nhs_20230731_csd_04
20230731_rcc__6343_pfa_csd_Hoechst_tub_nhs_na_01,rcc6343_pfa_dna-tub-nhs_20230731_csd_01
20230731_rcc__6343_pfa_csd_Hoechst_tub_nhs_na_02,rcc6343_pfa_dna-tub-nhs_20230731_csd_02
20230731_rcc__6343_pfa_csd_Hoechst_tub_nhs_na_03,rcc6343_pfa_dna-tub-nhs_20230731_csd_03
20230802_RCC_1131_pfa_OD_Hoechst-tub-nhs,rcc1131_pfa_dna-tub-nhs_20230802_od
20230802_RCC_1540_pfa_OD_Hoechst-tub-nhs,rcc1540_pfa_dna-tub-nhs_20230802_od
20230802_RCC_4630_pfa_OD_Hoechst-tub-nhs,rcc4630_pfa_dna-tub-nhs_20230802_od
20230802_RCC_4631_pfa_OD_Hoechst-tub-nhs,rcc4631_pfa_dna-tub-nhs_20230802_od
20230802_RCC_6310_pfa_OD_Hoechst-tub-nhs,rcc6310_pfa_dna-tub-nhs_20230802_od
20230802_RCC_P22-120_pfa_OD_Hoechst-tub-nhs,rcc10719_pfa_dna-tub-nhs_20230802_od
20230802_RCC_P22-30_pfa_OD_Hoechst-tub-nhs,rcc10646_pfa_dna-tub-nhs_20230802_od
20230803_rcchm-ct_pfa_centr-tub-hoechst,rcc10352_pfa_cetn-tub-dna_20230803_cl
20230803_rccp22-88_pfa_centr-tub-hoechst,rcc10669_pfa_cetn-tub-dna_20230803_cl
20230815_rcc6336_pfa_hoechst-nhs-tub,rcc6336_pfa_dna-nhs-tub_20230815_cl
20230815_rcc_P19-B1_pfa_csd_Hoechst_tub_nhs_na_01,rcc10709_pfa_dna-tub-nhs_20230815_csd_01
20230815_rcc_P19-B1_pfa_csd_Hoechst_tub_nhs_na_02,rcc10709_pfa_dna-tub-nhs_20230815_csd_02
20230815_rcc_P19-B1_pfa_csd_Hoechst_tub_nhs_na_03,rcc10709_pfa_dna-tub-nhs_20230815_csd_03
20230815_rcc_P19-B1_pfa_csd_Hoechst_tub_nhs_na_04,rcc10709_pfa_dna-tub-nhs_20230815_csd_04
20230815_rcc_P19-B1_pfa_csd_Hoechst_tub_nhs_na_05,rcc10709_pfa_dna-tub-nhs_20230815_csd_05
20230815_rcc_P45_pfa_csd_Hoechst_tub_nhs_na_01,rcc10746_pfa_dna-tub-nhs_20230815_csd_01
20230815_rcc_P45_pfa_csd_Hoechst_tub_nhs_na_02,rcc10746_pfa_dna-tub-nhs_20230815_csd_02
20230816_rcc_6324_pfa_csd_hoechst_tub_nhs_na_01,rcc6324_pfa_dna-tub-nhs_20230816_csd_01
20230816_rcc_6324_pfa_csd_hoechst_tub_nhs_na_02,rcc6324_pfa_dna-tub-nhs_20230816_csd_02
20230816_rcc_6324_pfa_csd_hoechst_tub_nhs_na_03,rcc6324_pfa_dna-tub-nhs_20230816_csd_03
20230816_rcc_ja1_pfa_csd_hoechst_tub_nhs_na_01,rccja1_pfa_dna-tub-nhs_20230816_csd_01
20230817_rcc2339_pfa_hoechst-nhs-tub,rcc2339_pfa_dna-nhs-tub_20230817_cl
20230817_rcc3438-ct_pfa_centr-tub-hoechst,rcc3438_pfa_cetn-tub-dna_20230817_cl
20230817_rcc_6196_pfa_csd_hoechst_tub_nhs_na_01,rcc6196_pfa_dna-tub-nhs_20230817_csd_01
20230817_rcc_6196_pfa_csd_hoechst_tub_nhs_na_02,rcc6196_pfa_dna-tub-nhs_20230817_csd_02
20230817_rcc_6196_pfa_csd_hoechst_tub_nhs_na_03,rcc6196_pfa_dna-tub-nhs_20230817_csd_03
20230817_rcc_6196_pfa_csd_hoechst_tub_nhs_na_04,rcc6196_pfa_dna-tub-nhs_20230817_csd_04
20230817_rcc_6257_pfa_csd_hoechst_tub_nhs_na_01,rcc6257_pfa_dna-tub-nhs_20230817_csd_01
20230817_rcc_6257_pfa_csd_hoechst_tub_nhs_na_02,rcc6257_pfa_dna-tub-nhs_20230817_csd_02
20230817_rcc_6257_pfa_csd_hoechst_tub_nhs_na_03,rcc6257_pfa_dna-tub-nhs_20230817_csd_03
20230823_rcc3438_pfa_hoechst-nhs-tub,rcc3438_pfa_dna-nhs-tub_20230823_cl
20230823_rccp18-058_pfa_hoechst-nhs-tub,rcc10688_pfa_dna-nhs-tub_20230823_cl
20230824_Erariseta_HPF_HD_bod_NHGS647_001,erariseta_hpf_dna-bod-tub-nhs_20230824_fm_01
20230824_tokyo_chem_NHS-tub-DNA-Airyscan_Processing-06,tokyo_pfa_cetn_20230824_fm_06
20230824_tokyo_chem_NHS-tub-DNA-Airyscan_Processing-07,tokyo_pfa_cetn-nhs_20230824_fm_07
20230824_tokyo_chem_NHS-tub-DNA-Airyscan_Processing-08,tokyo_pfa_tub-bod-dna_20230824_fm_08
20230824_tokyo_chem_NHS-tub-DNA-Airyscan_Processing-09,tokyo_pfa_tub_20230824_fm_09
20230824_tokyo_chem_NHS-tub-DNA-Airyscan_Processing-10,tokyo_pfa_tub-nhs_20230824_fm_10
20230824_tokyo_chem_NHS-tub-DNA-Airyscan_Processing-11,tokyo_pfa_tub-nhs-dna_20230824_fm_11
20230829_rcc_1521_pfa_csd_hoechst_tub_nhs_na_01,rcc1521_pfa_dna-tub-nhs_20230829_csd_01
20230829_rcc_1521_pfa_csd_hoechst_tub_nhs_na_02,rcc1521_pfa_dna-tub-nhs_20230829_csd_02
20230829_rcc_1521_pfa_csd_hoechst_tub_nhs_na_03,rcc1521_pfa_dna-tub-nhs_20230829_csd_03
20230829_rcc_1532_pfa_csd_Hoechst_tub_nhs_na_01,rcc1532_pfa_dna-tub-nhs_20230829_csd_01
20230829_rcc_1532_pfa_csd_Hoechst_tub_nhs_na_02,rcc1532_pfa_dna-tub-nhs_20230829_csd_02
20230829_rcc_1532_pfa_csd_Hoechst_tub_nhs_na_03,rcc1532_pfa_dna-tub-nhs_20230829_csd_03
20230829_rcc_2321_pfa_csd_Hoechst_tub_nhs_na_01,rcc2321_pfa_dna-tub-nhs_20230829_csd_01
20230829_rcc_2321_pfa_csd_Hoechst_tub_nhs_na_02,rcc2321_pfa_dna-tub-nhs_20230829_csd_02
20230829_rcc_2321_pfa_csd_Hoechst_tub_nhs_na_03,rcc2321_pfa_dna-tub-nhs_20230829_csd_03
20230829_rcc_2321_pfa_csd_Hoechst_tub_nhs_na_04,rcc2321_pfa_dna-tub-nhs_20230829_csd_04
20230829_rcc_2321_pfa_csd_Hoechst_tub_nhs_na_05,rcc2321_pfa_dna-tub-nhs_20230829_csd_05
20230829_rcc_3511_P22-120_pfa_csd_Hoechst_tub_nhs_na_01,rcc3511rcc10719_pfa_dna-tub-nhs_20230829_csd_01
20230829_rcc_3511_pfa_csd_Hoechst_tub_nhs_na_01,rcc3511_pfa_dna-tub-nhs_20230829_csd_01
20230829_rcc_3511_pfa_csd_Hoechst_tub_nhs_na_02,rcc3511_pfa_dna-tub-nhs_20230829_csd_02
20230829_rcc_3511_pfa_csd_Hoechst_tub_nhs_na_03,rcc3511_pfa_dna-tub-nhs_20230829_csd_03
20230829_rcc_5282_pfa_csd_hoechst_tub_nhs_na_01,rcc5282_pfa_dna-tub-nhs_20230829_csd_01
20230829_rcc_P19-B1_pfa_csd_Hoechst_tub_nhs_na_01,rcc10709_pfa_dna-tub-nhs_20230829_csd_01
20230829_rcc_P19-B1_pfa_csd_Hoechst_tub_nhs_na_02,rcc10709_pfa_dna-tub-nhs_20230829_csd_02
20230829_rcc_P19-B1_pfa_csd_Hoechst_tub_nhs_na_03,rcc10709_pfa_dna-tub-nhs_20230829_csd_03
20230829_rcc_P19-B1_pfa_csd_Hoechst_tub_nhs_na_04,rcc10709_pfa_dna-tub-nhs_20230829_csd_04
20230829_rcc_P19-B1_pfa_csd_Hoechst_tub_nhs_na_05,rcc10709_pfa_dna-tub-nhs_20230829_csd_05
20230829_rcc_P19-B1_pfa_csd_Hoechst_tub_nhs_na_06,rcc10709_pfa_dna-tub-nhs_20230829_csd_06
20230829_rcc_P19-B1_pfa_csd_Hoechst_tub_nhs_na_07,rcc10709_pfa_dna-tub-nhs_20230829_csd_07
20230829_rcc_P19-B1_pfa_csd_Hoechst_tub_nhs_na_08,rcc10709_pfa_dna-tub-nhs_20230829_csd_08
20230829_rcc_P45_pfa_csd_Hoechst_tub_nhs_na_01,rcc10746_pfa_dna-tub-nhs_20230829_csd_01
20230829_rcc_P45_pfa_csd_Hoechst_tub_nhs_na_02,rcc10746_pfa_dna-tub-nhs_20230829_csd_02
20230829_rcc_P45_pfa_csd_Hoechst_tub_nhs_na_03,rcc10746_pfa_dna-tub-nhs_20230829_csd_03
20230829_rcc_P45_pfa_csd_Hoechst_tub_nhs_na_04,rcc10746_pfa_dna-tub-nhs_20230829_csd_04
20230829_rcc_P45_pfa_csd_Hoechst_tub_nhs_na_05,rcc10746_pfa_dna-tub-nhs_20230829_csd_05
20230829_rcc_P45_pfa_csd_Hoechst_tub_nhs_na_06,rcc10746_pfa_dna-tub-nhs_20230829_csd_06
20230829_rcc_P45_pfa_csd_Hoechst_tub_nhs_na_07,rcc10746_pfa_dna-tub-nhs_20230829_csd_07
20230829_rcc_ja1_pfa_csd_hoechst_tub_nhs_na_01,rccja1_pfa_dna-tub-nhs_20230829_csd_01
20230831_unexpanded-erariseta_NHS_DNA_001,erariseta_pfa_nhs-dna_20230831_fm_01
20230831_unexpanded-erariseta_NHS_DNA_002,erariseta_pfa_nhs-dna_20230831_fm_02
20230831_unexpanded-erariseta_NHS_DNA_003,erariseta_pfa_nhs-dna_20230831_fm_03
20230831_unexpanded-erariseta_NHS_DNA_004,erariseta_pfa_nhs-dna_20230831_fm_04
20230831_unexpanded-erariseta_NHS_DNA_005,erariseta_pfa_nhs-dna_20230831_fm_05
20230831_unexpanded-erariseta_NHS_DNA_006,erariseta_pfa_nhs-dna_20230831_fm_06
20230831_unexpanded-erariseta_NHS_DNA_011,erariseta_pfa_nhs-dna_20230831_fm_11
20230831_unexpanded-erariseta_NHS_DNA_012,erariseta_pfa_nhs-dna_20230831_fm_12
20230831_unexpanded-erariseta_NHS_DNA_013,erariseta_pfa_nhs-dna_20230831_fm_13
20230831_unexpanded-tokyo_NHS_DNA_007,tokyo_pfa_nhs-dna_20230831_fm_07
20230831_unexpanded-tokyo_NHS_DNA_008,tokyo_pfa_nhs-dna_20230831_fm_08
20230831_unexpanded-tokyo_NHS_DNA_009,tokyo_pfa_nhs-dna_20230831_fm_09
20230831_unexpanded-tokyo_NHS_DNA_010,tokyo_pfa_nhs-dna_20230831_fm_10
20230905_Erariseta_Cysts_HD_cent_tub_nhs_002,erariseta_pfa_nhs-tub-cetn-dna_20230905_fm_02
20230905_Tokyo_HD_cent_tub_nhs_001,tokyo_pfa_nhs-tub-cetn-dna_20230905_fm_01
20230905_Tokyo_HD_cent_tub_nhs_003,tokyo_pfa_nhs-tub-cetn-dna_20230905_fm_02
20230905_Tokyo_HD_cent_tub_nhs_004,tokyo_pfa_nhs-tub-cetn-dna_20230905_fm_03
20230905_Tokyo_HD_cent_tub_nhs_005,tokyo_pfa_nhs-tub-cetn-dna_20230905_fm_04
20230905_Tokyo_HD_cent_tub_nhs_005-1,tokyo_pfa_cetn_20230905_fm_05
20230905_Tokyo_HD_cent_tub_nhs_006,tokyo_pfa_nhs-tub-cetn-dna_20230905_fm_06
20230905_Tokyo_HD_cent_tub_nhs_007,tokyo_pfa_nhs-tub-cetn-dna_20230905_fm_07
20230905_Tokyo_HD_cent_tub_nhs_008,tokyo_pfa_nhs-tub-cetn-dna_20230905_fm_08
20230905_Tokyo_NHS-tub-DNA_001,tokyo_pfa_nhs-tub-dna_20230905_fm_01
20230905_Tokyo_NHS-tub-DNA_001_2,tokyo_pfa_nhs-tub-dna_20230905_fm_02
20230905_Tokyo_NHS-tub-DNA_002,tokyo_pfa_nhs-tub-dna_20230905_fm_03
20230905_Tokyo_NHS-tub-DNA_002_2,tokyo_pfa_nhs-tub-dna_20230905_fm_04
20230905_Tokyo_NHS-tub-DNA_003,tokyo_pfa_nhs-tub-dna_20230905_fm_05
20230905_Tokyo_NHS-tub-DNA_004,tokyo_pfa_nhs-tub-dna_20230905_fm_06
20230905_Tokyo_NHS-tub-DNA_005,tokyo_pfa_nhs-tub-dna_20230905_fm_07
20230905_erariseta_postExM_NHS-tub-dna_001,erariseta_pfa_nhs-tub-dna_20230905_fm_01
20230905_erariseta_postExM_NHS-tub-dna_002,erariseta_pfa_nhs-tub-dna_20230905_fm_02
20230905_erariseta_postExM_NHS_NPC-tub-H3_005,erariseta_pfa_h3-tub-npc-nhs_20230905_fm_05
20230905_erariseta_postExM_NHs-NPC-tub-H3_003,erariseta_pfa_h3-tub-npc-nhs_20230905_fm_03
20230905_erariseta_postExM_NHs-NPC-tub-H3_004,erariseta_pfa_h3-tub-npc-nhs_20230905_fm_04
20230905_erariseta_postExM_NHs-NPC-tub-H3_006,erariseta_pfa_h3-tub-npc-nhs_20230905_fm_06
20230905_erariseta_postExM_NHs-NPC-tub-H3_007,erariseta_pfa_h3-tub-npc-nhs_20230905_fm_07
20230906_Erariseta-mabnup98-mono,erariseta_pfa_tub-tubsted-npc-npcsted_20230906_fm
20230906_Erariseta-mono-centrin,erariseta_pfa_tub-tubsted-cetn-cetnsted_20230906_fm
20230908_RCC_4660_pfa_OD_Hoechst-cent-bodi-tub,rcc4660_pfa_dna-cetn-bod_20230908_od
20230908_RCC_P2-B1_pfa_OD_Hoechst-cent-bodi-tub,rccp2-b1_pfa_dna-cetn-tub_20230908_od
20230909_RCC_Vf21-99_pfa_OD_Hoechst-cent-bodi-tub,rcc10933_pfa_dna-cetn-bod-tub_20230909_od
20230912_Erar_HD_cent_tub_Cj44_004,erariseta_pfa_cj44-tub-cetn-dna_20230912_fm_04
20230912_Erar_HD_cent_tub_Cj44_005,erariseta_pfa_cj44-tub-cetn-dna_20230912_fm_05
20230912_Erar_NHS_NPC_tub_H3_001,erariseta_pfa_h3-tub-npc-nhs_20230912_fm_01
20230912_Erar_NHS_NPC_tub_H3_002,erariseta_pfa_h3-tub-npc-nhs_20230912_fm_02
20230912_Erar_NHS_NPC_tub_H3_003,erariseta_pfa_h3-tub-npc-nhs_20230912_fm_03
20230912_Erar_NHS_NPC_tub_h3_40x_006,erariseta_pfa_h3-tub-npc-nhs_20230912_fm_06
20230912_Erar_NHS_NPC_tub_h3_40x_007,erariseta_pfa_h3-tub-npc-nhs_20230912_fm_07
20230912_Erar_NHS_NPC_tub_h3_40x_008,erariseta_pfa_h3-tub-npc-nhs_20230912_fm_08
20230912_Erar_NHS_NPC_tub_h3_40x_009,erariseta_pfa_h3-tub-npc-nhs_20230912_fm_09
20230913_Erar_HD_NPC_tub_40x_001,erariseta_pfa_tub-npc-dna_20230913_fm_01
20230913_Erar_HD_NPC_tub_40x_002,erariseta_pfa_tub-npc-dna_20230913_fm_02
20230913_Erar_HD_NPC_tub_40x_003,erariseta_pfa_tub-npc-dna_20230913_fm_03
20230913_Erar_HD_NPC_tub_40x_004,erariseta_pfa_tub-npc-dna_20230913_fm_04
20230913_Erar_HD_NPC_tub_40x_005,erariseta_pfa_tub-npc-dna_20230913_fm_05
20230913_Erar_HD_NPC_tub_40x_006,erariseta_pfa_tub-npc-dna_20230913_fm_06
20230913_Erar_HD_NPC_tub_40x_007,erariseta_pfa_tub-npc-dna_20230913_fm_07
20230913_Tokyo_HD_NPC_tub_NHS_60x_012,tokyo_pfa_nhs-tub-npc-dna_20230913_fm_12
20230913_Tokyo_HD_NPC_tub_NHS_60x_013,tokyo_pfa_nhs-tub-npc-dna_20230913_fm_13
20230913_Tokyo_HD_NPC_tub_NHS_60x_014,tokyo_pfa_nhs-tub-npc-dna_20230913_fm_14
20230913_Tokyo_HD_NPC_tub_NHS_60x_015,tokyo_pfa_nhs-tub-npc-dna_20230913_fm_15
20230913_Tokyo_HD_tub_nhs_40x_008,tokyo_pfa_nhs-tub-dna_20230913_fm_01
20230913_Tokyo_HD_tub_nhs_40x_009,tokyo_pfa_nhs-tub-dna_20230913_fm_02
20230913_erar_HD_NPC_tub_60x_010,erariseta_pfa_tub-npc-dna_20230913_fm_10
20230913_erar_HD_NPC_tub_60x_011,erariseta_pfa_tub-npc-dna_20230913_fm_11
20230918_rcc3387b_pfa_centr-tub-hoechst,rcc3387b_pfa_cetn-tub-dna_20230918_cl
20230918_rccc2471_pfa_centr-tub-hoechst,rcc10952_pfa_cetn-tub-dna_20230918_cl
20231018_rcc2550_pfa_centr-tub-hoechst,rcc2550_pfa_cetn-tub-dna_20231018_cl
20231018_rcc3656_pfa_centr-tub-hoechst,rcc3656_pfa_cetn-tub-dna_20231018_cl
20231018_rcc6550_pfa_centr-tub-hoechst,rcc6550_pfa_cetn-tub-dna_20231018_cl
20231018_rcc6674_pfa_centr-tub-hoechst,rcc6674_pfa_cetn-tub-dna_20231018_cl
20231018_rccc511_pfa_centr-tub-hoechst,rcc10708_pfa_cetn-tub-dna_20231018_cl
20231018_rccn3941_pfa_centr-tub-hoechst,rcc10614_pfa_cetn-tub-dna_20231018_cl
20231025_rccsd12-6_pfa_centr-tub-hoechst,rcc10802_pfa_cetn-tub-dna_20231025_cl
20231025_rccst10-12_pfa_centr-tub-hoechst,rcc10822_pfa_cetn-tub-dna_20231025_cl
20231120_RCC_1FCC19_FM_Hoechst-cent-tub-nhs_008,rcc10431_pfa_nhs-tub-cetn-dna_20231120_fm_08
20231120_RCC_1FCC19_FM_Hoechst-cent-tub-nhs_009,rcc10431_pfa_nhs-tub-cetn-dna_20231120_fm_09
20231120_RCC_1FCC19_FM_Hoechst-cent-tub-nhs_010,rcc10431_pfa_nhs-tub-cetn-dna_20231120_fm_10
20231120_RCC_1FCC19_FM_Hoechst-mabnup98-tub-nhs_011,rcc10431_pfa_dna-npc-tub-nhs_20231120_fm_11
20231120_RCC_1FCC19_FM_Hoechst-mabnup98-tub-nhs_012,rcc10431_pfa_dna-npc-tub-nhs_20231120_fm_12
20231120_RCC_S1-6_FM_Hoechst-centrin-tub-nhs_001,rccs1-6_pfa_dna-tub-cetn-nhs_20231120_fm_01
20231120_RCC_S1-6_FM_Hoechst-centrin-tub-nhs_002,rccs1-6_pfa_dna-tub-cetn-nhs_20231120_fm_02
20231120_RCC_S1-6_FM_Hoechst-centrin-tub-nhs_003,rccs1-6_pfa_dna-tub-cetn-nhs_20231120_fm_03
20231120_RCC_S1-6_FM_Hoechst-centrin-tub-nhs_004,rccs1-6_pfa_dna-tub-cetn-nhs_20231120_fm_04
20231120_RCC_S1-6_FM_Hoechst-mabnup98-tub-nhs_005,rccs1-6_pfa_dna-tub-cetn-nhs_20231120_fm_05
20231120_RCC_S1-6_FM_Hoechst-mabnup98-tub-nhs_006,rccs1-6_pfa_dna-tub-cetn-nhs_20231120_fm_06
20231120_RCC_S1-6_FM_Hoechst-mabnup98-tub-nhs_007,rccs1-6_pfa_dna-tub-cetn-nhs_20231120_fm_07
20231121_RCC_6324_FM_Hoechst-centr-tub-nhs_001,rcc6324_pfa_nhs-cetn-tub-dna_20231121_fm_01
20231121_RCC_6324_FM_Hoechst-centr-tub-nhs_003,rcc6324_pfa_nhs-cetn-tub-dna_20231121_fm_03
20231121_RCC_6324_FM_Hoechst-mabnup98-tub-nhs_004,rcc6324_pfa_nhs-tub-npc-dna_20231121_fm_04
20231121_RCC_CA-CT_FM_Hoechst-centr-tub-nhs_019,rcc10388_pfa_nhs-tub-cetn-dna_20231121_fm_19
20231121_RCC_CA-CT_FM_Hoechst-centr-tub-nhs_020,rcc10388_pfa_nhs-tub-cetn-dna_20231121_fm_20
20231121_RCC_CA-CT_FM_Hoechst-centr-tub-nhs_021,rcc10388_pfa_nhs-tub-cetn-dna_20231121_fm_21
20231121_RCC_CA-CT_FM_Hoechst-centr-tub-nhs_022,rcc10388_pfa_nhs-tub-cetn-dna_20231121_fm_22
20231121_RCC_IF-KGE_FM_Hoechst-centr-tub-nhs_005,rccif-kge-ic_pfa_nhs-tub-cetn-dna_20231121_fm_05
20231121_RCC_IF-KGE_FM_Hoechst-centr-tub-nhs_006,rccif-kge-ic_pfa_nhs-tub-cetn-dna_20231121_fm_06
20231121_RCC_IF-KGE_FM_Hoechst-centr-tub-nhs_007,rccif-kge-ic_pfa_nhs-tub-cetn-dna_20231121_fm_07
20231121_RCC_IF-KGE_FM_Hoechst-centr-tub-nhs_008,rccif-kge-ic_pfa_nhs-tub-cetn-dna_20231121_fm_08
20231121_RCC_IF-KGE_FM_Hoechst-mabnup98-tub-nhs_009,rccif-kge-ic_pfa_nhs-tub-npc-dna_20231121_fm_09
20231121_RCC_IF-KGE_FM_Hoechst-mabnup98-tub-nhs_010,rccif-kge-ic_pfa_nhs-tub-npc-dna_20231121_fm_10
20231121_RCC_IF-KGE_FM_Hoechst-mabnup98-tub-nhs_011,rccif-kge-ic_pfa_nhs-tub-npc-dna_20231121_fm_11
20231121_RCC_p22-75_FM_Hoechst-centr-tub-nhs_012,rcc10662_pfa_nhs-tub-cetn-dna_20231121_fm_12
20231121_RCC_p22-75_FM_Hoechst-centr-tub-nhs_013,rcc10662_pfa_nhs-tub-cetn-dna_20231121_fm_13
20231121_RCC_p22-75_FM_Hoechst-centr-tub-nhs_014,rcc10662_pfa_nhs-tub-cetn-dna_20231121_fm_14
20231121_RCC_p22-75_FM_Hoechst-centr-tub-nhs_015,rcc10662_pfa_nhs-tub-cetn-dna_20231121_fm_15
20231121_RCC_p22-75_FM_Hoechst-mabnup98-tub-nhs_016,rcc10662_pfa_nhs-tub-cetn-dna_20231121_fm_16
20231121_RCC_p22-75_FM_Hoechst-mabnup98-tub-nhs_017,rcc10662_pfa_nhs-tub-cetn-dna_20231121_fm_17
20231121_RCC_p22-75_FM_Hoechst-mabnup98-tub-nhs_018,rcc10662_pfa_nhs-tub-cetn-dna_20231121_fm_18
20231121_rccaph_pfa_centr-tub-hoechst,rcc10637_pfa_cetn-tub-dna_20231121_cl
20231121_rccgy4va_pfa_centr-tub-hoechst,rcc10426_pfa_cetn-tub-dna_20231121_cl
20231123_bmcc78_pfa_hoechst-tub-centr,bmcc78_pfa_dna-tub-cetn_20231123_cl
20231123_bmcc80_pfa_hoechst-tub-centr,bmcc80_pfa_dna-tub-cetn_20231123_cl
20231201_bmcc124_pfa_hoechst-tub-centr,bmcc124_pfa_dna-tub-cetn_20231201_cl
20231201_bmcc127_pfa_hoechst-tub-centr,bmcc127_pfa_dna-tub-cetn_20231201_cl
20231201_bmcc129_pfa_hoechst-tub-centr,bmcc129_pfa_dna-tub-cetn_20231201_cl
20231201_bmcc147n_pfa_hoechst-tub-centr,bmcc147_pfa_dna-tub-cetn_20231201_cl
20231208_bmcc109_pfa_centr-tub-hoechst,bmcc109_pfa_cetn-tub-dna_20231208_cl
20231208_bmcc121_pfa_centr-tub-hoechst,bmcc121_pfa_cetn-tub-dna_20231208_cl
20231208_bmcc122_pfa_centr-tub-hoechst,bmcc122_pfa_cetn-tub-dna_20231208_cl
20231208_bmcc1_pfa_centr-tub-hoechst,bmcc1_pfa_cetn-tub-dna_20231208_cl
20231208_bmcc208_pfa_centr-tub-hoechst,bmcc208_pfa_cetn-tub-dna_20231208_cl
20231208_bmcc21_pfa_centr-tub-hoechst,bmcc21_pfa_cetn-tub-dna_20231208_cl
20231208_bmcc41_pfa_centr-tub-hoechst,bmcc41_pfa_cetn-tub-dna_20231208_cl
20231208_bmcc69n_pfa_centr-tub-hoechst,bmcc69_pfa_cetn-tub-dna_20231208_cl
2024-02-05_bmcc178_fm_nhs_centrin_tubulin_hoechst-dapi_001,bmcc178_pfa_nhs-cetn-tub-dna_20240205_fm_01
2024-02-05_bmcc178_fm_nhs_centrin_tubulin_hoechst-dapi_002,bmcc178_pfa_nhs-cetn-tub-dna_20240205_fm_02
2024-02-05_bmcc178_fm_nhs_centrin_tubulin_hoechst-dapi_003,bmcc178_pfa_nhs-cetn-tub-dna_20240205_fm_03
2024-02-05_bmcc178_fm_nhs_centrin_tubulin_hoechst-dapi_004,bmcc178_pfa_nhs-cetn-tub-dna_20240205_fm_04
2024-02-05_bmcc492_fm_nhs_centrin_tubulin_hoechst-dapi_001,bmcc492_pfa_nhs-cetn-tub-dna_20240205_fm_01
2024-02-05_bmcc492_fm_nhs_centrin_tubulin_hoechst-dapi_002,bmcc492_pfa_nhs-cetn-tub-dna_20240205_fm_02
2024-02-05_bmcc492_fm_nhs_centrin_tubulin_hoechst-dapi_003,bmcc492_pfa_nhs-cetn-tub-dna_20240205_fm_03
2024-02-05_bmcc492_fm_nhs_centrin_tubulin_hoechst-dapi_004,bmcc492_pfa_nhs-cetn-tub-dna_20240205_fm_04
2024-02-05_bmcc686_fm_nhs_centrin_tubulin_hoechst-dapi_001,bmcc686_pfa_nhs-cetn-tub-dna_20240205_fm_01
2024-02-05_bmcc686_fm_nhs_centrin_tubulin_hoechst-dapi_002,bmcc686_pfa_nhs-cetn-tub-dna_20240205_fm_02
2024-02-05_bmcc746_fm_nhs_centrin_tubulin_hoechst-dapi_001,bmcc746_pfa_nhs-cetn-tub-dna_20240205_fm_01
2024-02-05_bmcc746_fm_nhs_centrin_tubulin_hoechst-dapi_002,bmcc746_pfa_nhs-cetn-tub-dna_20240205_fm_02
2024-02-05_bmcc746_fm_nhs_centrin_tubulin_hoechst-dapi_003,bmcc746_pfa_nhs-cetn-tub-dna_20240205_fm_03
2024-02-05_bmcc746_fm_nhs_centrin_tubulin_hoechst-dapi_004,bmcc746_pfa_nhs-cetn-tub-dna_20240205_fm_04
2024-02-05_bmcc761_fm_nhs_centrin_tubulin_hoechst-dapi_001,bmcc761_pfa_nhs-cetn-tub-dna_20240205_fm_01
2024-02-05_bmcc761_fm_nhs_centrin_tubulin_hoechst-dapi_002,bmcc761_pfa_nhs-cetn-tub-dna_20240205_fm_02
2024-02-05_bmcc761_fm_nhs_centrin_tubulin_hoechst-dapi_003,bmcc761_pfa_nhs-cetn-tub-dna_20240205_fm_03
2024-02-05_bmcc761_fm_nhs_centrin_tubulin_hoechst-dapi_004,bmcc761_pfa_nhs-cetn-tub-dna_20240205_fm_04
2024-02-05_bmcc761_fm_nhs_centrin_tubulin_hoechst-dapi_005,bmcc761_pfa_nhs-cetn-tub-dna_20240205_fm_05
2024-02-05_bmcc761_fm_nhs_centrin_tubulin_hoechst-dapi_006,bmcc761_pfa_nhs-cetn-tub-dna_20240205_fm_06
2024-02-05_bmcc761_fm_nhs_centrin_tubulin_hoechst-dapi_007,bmcc761_pfa_nhs-cetn-tub-dna_20240205_fm_07
2024-02-05_bmcc761_fm_nhs_centrin_tubulin_hoechst-dapi_008,bmcc761_pfa_nhs-cetn-tub-dna_20240205_fm_08
2024-02-05_bmcc761_fm_nhs_centrin_tubulin_hoechst-dapi_009,bmcc761_pfa_nhs-cetn-tub-dna_20240205_fm_09
2024-02-05_bmcc761_fm_nhs_centrin_tubulin_hoechst-dapi_010,bmcc761_pfa_nhs-cetn-tub-dna_20240205_fm_10
2024-02-05_bmcc761_fm_nhs_centrin_tubulin_hoechst-dapi_011,bmcc761_pfa_nhs-cetn-tub-dna_20240205_fm_11
2024-02-05_bmcc761_fm_nhs_centrin_tubulin_hoechst-dapi_012,bmcc761_pfa_nhs-cetn-tub-dna_20240205_fm_12
2024-02-05_bmcc761_fm_nhs_centrin_tubulin_hoechst-dapi_013,bmcc761_pfa_nhs-cetn-tub-dna_20240205_fm_13
2024-02-05_bmcc76_fm_nhs_centrin_tubulin_hoechst-dapi_001,bmcc67_pfa_nhs-cetn-tub-dna_20240205_fm_01
2024-02-05_bmcc76_fm_nhs_centrin_tubulin_hoechst-dapi_002,bmcc67_pfa_nhs-cetn-tub-dna_20240205_fm_02
2024-02-05_bmcc76_fm_nhs_centrin_tubulin_hoechst-dapi_003,bmcc67_pfa_nhs-cetn-tub-dna_20240205_fm_03
2024-02-05_bmcc76_fm_nhs_centrin_tubulin_hoechst-dapi_004,bmcc67_pfa_nhs-cetn-tub-dna_20240205_fm_04
2024-02-05_bmcc76_fm_nhs_centrin_tubulin_hoechst-dapi_005,bmcc67_pfa_nhs-cetn-tub-dna_20240205_fm_05
2024-02-05_bmcc76_fm_nhs_centrin_tubulin_hoechst-dapi_014,bmcc67_pfa_nhs-cetn-tub-dna_20240205_fm_14
2024-02-05_bmcc76_fm_nhs_centrin_tubulin_hoechst-dapi_015,bmcc67_pfa_nhs-cetn-tub-dna_20240205_fm_15
2024-02-05_bmcc76_fm_nhs_centrin_tubulin_hoechst-dapi_016,bmcc67_pfa_nhs-cetn-tub-dna_20240205_fm_16
2024-02-05_bmcc76_fm_nhs_centrin_tubulin_hoechst-dapi_017,bmcc67_pfa_nhs-cetn-tub-dna_20240205_fm_17
2024-02-05_bmcc76_fm_nhs_centrin_tubulin_hoechst-dapi_018,bmcc67_pfa_nhs-cetn-tub-dna_20240205_fm_18
20240111_bmcc469_pfa_hoechst-tub-centr,bmcc469_pfa_dna-tub-cetn_20240111_cl
20240115_bmcc472_pfa_hoechst-tub-centr,bmcc472_pfa_dna-tub-cetn_20240115_cl
20240117_bmcc261_pfa_centr-tub-hoechst,bmcc261_pfa_cetn-tub-dna_20240117_cl
20240117_bmcc298_pfa_centr-tub-hoechst,bmcc298_pfa_cetn-tub-dna_20240117_cl
20240117_bmcc311_pfa_centr-tub-hoechst,bmcc311_pfa_cetn-tub-dna_20240117_cl
20240117_bmcc588_pfa_hoechst-tub-centr,bmcc588_pfa_dna-tub-cetn_20240117_cl
20240118_BMCC_35_pfa_OD_Hoechst-centr-nhs-tub,bmcc35_pfa_dna-cetn-nhs-tub_20240118_od
20240118_BMCC_678_pfa_OD_Hoechst-centr-nhs-tub,bmcc678_pfa_dna-cetn-nhs-tub_20240118_od
20240118_bmcc597_pfa_centr-tub-hoechst,bmcc597_pfa_cetn-tub-dna_20240118_cl
20240118_bmcc598_pfa_centr-tub-hoechst,bmcc598_pfa_cetn-tub-dna_20240118_cl
20240118_bmcc607_pfa_hoechst-tub-centr,bmcc607_pfa_dna-tub-cetn_20240118_cl
20240119_BMCC_405_pfa_OD_Hoechst-centr-nhs-tub,bmcc405_pfa_dna-cetn-nhs-tub_20240119_od
20240119_BMCC_606_pfa_OD_Hoechst-centr-nhs-tub,bmcc606_pfa_dna-cetn-nhs-tub_20240119_od
20240203_BMCC_10_pfa_OD_Hoechst-act-nhs-tub,bmcc10_pfa_dna-act-nhs-tub_20240203_od
20240203_BMCC_10_pfa_OD_Hoechst-centr-nhs-tub,bmcc10_pfa_dna-cetn-nhs-tub_20240203_od
20240203_BMCC_348Night_pfa_OD_Hoechst-act-nhs-tub,bmcc348_pfa_dna-act-nhs-tub_20240203_od
20240203_BMCC_348Night_pfa_OD_Hoechst-centr-nhs-tub,bmcc348_pfa_dna-cetn-nhs-tub_20240203_od
20240207_BMCC_10_pfa_OD_Hoechst-centr-nhs-tub,bmcc10_pfa_dna-cetn-nhs-tub_20240207_od
20240207_BMCC_261_pfa_OD_Hoechst-centr-nhs-tub,bmcc261_pfa_dna-cetn-nhs-tub_20240207_od
20240207_RCC_CB1C1_pfa_OD_Hoechst-centr-nhs-tub,rcc10445_pfa_dna-cetn-nhs-tub_20240207_od
20240207_RCC_P22-107_pfa_OD_Hoechst-centr-nhs-tub,rcc10642_pfa_dna-cetn-nhs-tub_20240207_od
20240207_RCC_P22-120_pfa_OD_Hoechst-centr-nhs-tub,rcc10719_pfa_dna-cetn-nhs-tub_20240207_od
20240208_BMCC_348Day_pfa_OD_Hoechst-centr-nhs-tub,bmcc348_pfa_dna-cetn-nhs-tub_20240208_od
20240208_RCC_3430_pfa_OD_Hoechst-centr-nhs-tub,rcc3430_pfa_dna-cetn-nhs-tub_20240208_od
20240208_RCC_ARC47_pfa_OD_Hoechst-centr-nhs-tub,rcc10360_pfa_dna-cetn-nhs-tub_20240208_od
20240209_BMCC_348Night_pfa_OD_Hoechst-centr-nhs-tub,bmcc348_pfa_dna-cetn-nhs-tub_20240209_od
20240209_BMCC_394Night_pfa_OD_Hoechst-centr-nhs-tub,bmcc394_pfa_dna-cetn-nhs-tub_20240209_od
20240209_RCC_1805_pfa_OD_Hoechst-centr-nhs-tub,rcc1805_pfa_dna-cetn-nhs-tub_20240209_od
20240209_RCC_3691_pfa_OD_Hoechst-centr-nhs-tub,rcc3691_pfa_dna-cetn-nhs-tub_20240209_od
20240209_RCC_417_pfa_OD_Hoechst-centr-nhs-tub,rcc417_pfa_dna-cetn-nhs-tub_20240209_od
20240209_RCC_P2-B1_pfa_OD_Hoechst-centr-nhs-tub,rccp2-b1_pfa_dna-cetn-nhs-tub_20240209_od
20240212_1FCC19-038_DNA-tub-cent-nhs_60x_001,rcc10431_pfa_nhs-cetn-tub-dna_20240212_fm_01
20240212_RCC6327_DNA-tub-cent-nhs_002,rcc6327_pfa_nhs-cetn-tub-dna_20240212_fm_02
20240212_RCC6327_DNA-tub-cent-nhs_005,rcc6327_pfa_dna-tub-cetn-nhs_20240212_fm_05
20240212_RCC6327_DNA-tub-cent-nhs_006,rcc6327_pfa_dna-tub-cetn-nhs_20240212_fm_06
20240212_RCC6327_DNA-tub-cent-nhs_007,rcc6327_pfa_dna-tub-cetn-nhs_20240212_fm_07
20240212_RCC6327_DNA-tub-cent-nhs_008,rcc6327_pfa_dna-tub-cetn-nhs_20240212_fm_08
20240212_RCC6327_DNA-tub-cent-nhs_009,rcc6327_pfa_dna-tub-cetn-nhs_20240212_fm_09
20240212_RCC6327_DNA-tub-cent-nhs_010,rcc6327_pfa_dna-tub-cetn-nhs_20240212_fm_10
20240212_RCC6327_DNA-tub-cent-nhs_011,rcc6327_pfa_dna-tub-cetn-nhs_20240212_fm_11
20240212_RCC6327_DNA-tub-cent-nhs_012,rcc6327_pfa_dna-tub-cetn-nhs_20240212_fm_12
20240212_RCC6327_DNA-tub-cent-nhs_013,rcc6327_pfa_dna-tub-cetn-nhs_20240212_fm_13
20240212_RCC6327_DNA-tub-cent-nhs_014,rcc6327_pfa_dna-tub-cetn-nhs_20240212_fm_14
20240212_RCC6327_DNA-tub-cent-nhs_015,rcc6327_pfa_dna-tub-cetn-nhs_20240212_fm_15
20240212_RCC6327_DNA-tub-cent-nhs_016,rcc6327_pfa_dna-tub-cetn-nhs_20240212_fm_16
20240212_RCC6327_DNA-tub-cent-nhs_017,rcc6327_pfa_dna-tub-cetn-nhs_20240212_fm_17
20240212_RCC6327_DNA-tub-cent-nhs_018,rcc6327_pfa_dna-tub-cetn-nhs_20240212_fm_18
20240212_RCC6327_DNA-tub-cent-nhs_019,rcc6327_pfa_dna-tub-cetn-nhs_20240212_fm_19
20240212_RCC6327_DNA-tub-cent-nhs_020,rcc6327_pfa_dna-tub-cetn-nhs_20240212_fm_20
20240212_RCC6327_DNA-tub-cent-nhs_60x_012,rcc6327_pfa_nhs-cetn-tub-dna_20240212_fm_21
20240212_bmcc_33_pfa_hs_cent_01,bmcc33_pfa_cetn_20240212_hs_01
20240212_bmcc_33_pfa_hs_dna_01,bmcc33_pfa_dna_20240212_hs_01
20240212_bmcc_33_pfa_hs_nhs_01,bmcc33_pfa_nhs_20240212_hs_01
20240212_bmcc_33_pfa_hs_tub_01,bmcc33_pfa_tub_20240212_hs_01
20240212_bmcc_33_pfa_hs_cent_02,bmcc33_pfa_cetn_20240212_hs_02
20240212_bmcc_33_pfa_hs_dna_02,bmcc33_pfa_dna_20240212_hs_02
20240212_bmcc_33_pfa_hs_nhs_02,bmcc33_pfa_nhs_20240212_hs_02
20240212_bmcc_33_pfa_hs_tub_02,bmcc33_pfa_tub_20240212_hs_02
20240212_bmcc_33_pfa_hs_cent_03,bmcc33_pfa_cetn_20240212_hs_03
20240212_bmcc_33_pfa_hs_dna_03,bmcc33_pfa_dna_20240212_hs_03
20240212_bmcc_33_pfa_hs_nhs_03,bmcc33_pfa_nhs_20240212_hs_03
20240212_bmcc_33_pfa_hs_tub_03,bmcc33_pfa_tub_20240212_hs_03
20240212_bmcc_33_pfa_hs_cent_04,bmcc33_pfa_cetn_20240212_hs_04
20240212_bmcc_33_pfa_hs_dna_04,bmcc33_pfa_dna_20240212_hs_04
20240212_bmcc_33_pfa_hs_nhs_04,bmcc33_pfa_nhs_20240212_hs_04
20240212_bmcc_33_pfa_hs_tub_04,bmcc33_pfa_tub_20240212_hs_04
20240212_bmcc_868_hs_pfa_cent_01,bmcc868_pfa_cetn_20240212_hs_01
20240212_bmcc_868_hs_pfa_dna_01,bmcc868_pfa_dna_20240212_hs_01
20240212_bmcc_868_hs_pfa_nhs_01,bmcc868_pfa_nhs_20240212_hs_01
20240212_bmcc_868_hs_pfa_tub_01,bmcc868_pfa_tub_20240212_hs_01
20240212_bmcc_868_hs_pfa_cent_02,bmcc868_pfa_cetn_20240212_hs_02
20240212_bmcc_868_hs_pfa_dna_02,bmcc868_pfa_dna_20240212_hs_02
20240212_bmcc_868_hs_pfa_nhs_02,bmcc868_pfa_nhs_20240212_hs_02
20240212_bmcc_868_hs_pfa_tub_02,bmcc868_pfa_tub_20240212_hs_02
20240212_bmcc_868_hs_pfa_cent_03,bmcc868_pfa_cetn_20240212_hs_03
20240212_bmcc_868_hs_pfa_dna_03,bmcc868_pfa_dna_20240212_hs_03
20240212_bmcc_868_hs_pfa_nhs_03,bmcc868_pfa_nhs_20240212_hs_03
20240212_bmcc_868_hs_pfa_tub_03,bmcc868_pfa_tub_20240212_hs_03
20240212_bmcc_868_hs_pfa_cent_04,bmcc868_pfa_cetn_20240212_hs_04
20240212_bmcc_868_hs_pfa_dna_04,bmcc868_pfa_dna_20240212_hs_04
20240212_bmcc_868_hs_pfa_nhs_04,bmcc868_pfa_nhs_20240212_hs_04
20240212_bmcc_868_hs_pfa_tub_04,bmcc868_pfa_tub_20240212_hs_04
20240212_bmcc_868_hs_pfa_cent_05,bmcc868_pfa_cetn_20240212_hs_05
20240212_bmcc_868_hs_pfa_dna_05,bmcc868_pfa_dna_20240212_hs_05
20240212_bmcc_868_hs_pfa_nhs_05,bmcc868_pfa_nhs_20240212_hs_05
20240212_bmcc_868_hs_pfa_tub_05,bmcc868_pfa_tub_20240212_hs_05
20240212_p22-75_DNA-tub-cent-nhs_002,rcc10662_pfa_dna-tub-cetn-nhs_20240212_fm_02
20240212_p22-75_DNA-tub-cent-nhs_003,rcc10662_pfa_nhs-cetn-tub-dna_20240212_fm_03
20240212_p22-75_DNA-tub-cent-nhs_004,rcc10662_pfa_nhs-cetn-tub-dna_20240212_fm_04
20240212_p22-75_DNA-tub-cent-nhs_005,rcc10662_pfa_nhs-cetn-tub-dna_20240212_fm_05
20240212_p22-75_DNA-tub-cent-nhs_006,rcc10662_pfa_nhs-cetn-tub-dna_20240212_fm_06
20240212_p22-75_DNA-tub-cent-nhs_007,rcc10662_pfa_nhs-cetn-tub-dna_20240212_fm_07
20240212_p22-75_DNA-tub-cent-nhs_008,rcc10662_pfa_nhs-cetn-tub-dna_20240212_fm_08
20240212_p22-75_DNA-tub-cent-nhs_009,rcc10662_pfa_nhs-cetn-tub-dna_20240212_fm_09
20240212_p22-75_DNA-tub-cent-nhs_010,rcc10662_pfa_nhs-cetn-tub-dna_20240212_fm_10
20240212_p22-75_DNA-tub-cent-nhs_60x_011,rcc10662_pfa_nhs-cetn-tub-dna_20240212_fm_11
20240213_bmcc_16_pfa_hs_cent_01,bmcc16_pfa_cetn_20240213_hs_01
20240213_bmcc_16_pfa_hs_dna_01,bmcc16_pfa_dna_20240213_hs_01
20240213_bmcc_16_pfa_hs_nhs_01,bmcc16_pfa_nhs_20240213_hs_01
20240213_bmcc_16_pfa_hs_tub_01,bmcc16_pfa_tub_20240213_hs_01
20240213_bmcc_16_pfa_hs_cent_02,bmcc16_pfa_cetn_20240213_hs_02
20240213_bmcc_16_pfa_hs_dna_02,bmcc16_pfa_dna_20240213_hs_02
20240213_bmcc_16_pfa_hs_nhs_02,bmcc16_pfa_nhs_20240213_hs_02
20240213_bmcc_16_pfa_hs_tub_02,bmcc16_pfa_tub_20240213_hs_02
20240213_bmcc_16_pfa_hs_cent_03,bmcc16_pfa_cetn_20240213_hs_03
20240213_bmcc_16_pfa_hs_dna_03,bmcc16_pfa_dna_20240213_hs_03
20240213_bmcc_16_pfa_hs_nhs_03,bmcc16_pfa_nhs_20240213_hs_03
20240213_bmcc_16_pfa_hs_tub_03,bmcc16_pfa_tub_20240213_hs_03
20240213_bmcc_16_pfa_hs_cent_04,bmcc16_pfa_cetn_20240213_hs_04
20240213_bmcc_16_pfa_hs_dna_04,bmcc16_pfa_dna_20240213_hs_04
20240213_bmcc_16_pfa_hs_nhs_04,bmcc16_pfa_nhs_20240213_hs_04
20240213_bmcc_16_pfa_hs_tub_04,bmcc16_pfa_tub_20240213_hs_04
20240213_bmcc_16_pfa_hs_cent_05,bmcc16_pfa_cetn_20240213_hs_05
20240213_bmcc_16_pfa_hs_dna_05,bmcc16_pfa_dna_20240213_hs_05
20240213_bmcc_16_pfa_hs_nhs_05,bmcc16_pfa_nhs_20240213_hs_05
20240213_bmcc_16_pfa_hs_tub_05,bmcc16_pfa_tub_20240213_hs_05
20240213_bmcc_16_pfa_hs_cent_06,bmcc16_pfa_cetn_20240213_hs_06
20240213_bmcc_16_pfa_hs_dna_06,bmcc16_pfa_dna_20240213_hs_06
20240213_bmcc_16_pfa_hs_nhs_06,bmcc16_pfa_nhs_20240213_hs_06
20240213_bmcc_16_pfa_hs_tub_06,bmcc16_pfa_tub_20240213_hs_06
20240213_bmcc_16_pfa_hs_cent_07,bmcc16_pfa_cetn_20240213_hs_07
20240213_bmcc_16_pfa_hs_nhs_07,bmcc16_pfa_nhs_20240213_hs_07
20240213_bmcc_16_pfa_hs_tub_07,bmcc16_pfa_tub_20240213_hs_07
20240213_bmcc_868_pfa_hs_cent_01,bmcc868_pfa_cetn_20240213_hs_01
20240213_bmcc_868_pfa_hs_dna_01,bmcc868_pfa_dna_20240213_hs_01
20240213_bmcc_868_pfa_hs_nhs_01,bmcc868_pfa_nhs_20240213_hs_01
20240213_bmcc_868_pfa_hs_tub_01,bmcc868_pfa_tub_20240213_hs_01
20240213_bmcc_868_pfa_hs_cent_02,bmcc868_pfa_cetn_20240213_hs_02
20240213_bmcc_868_pfa_hs_dna_02,bmcc868_pfa_dna_20240213_hs_02
20240213_bmcc_868_pfa_hs_nhs_02,bmcc868_pfa_nhs_20240213_hs_02
20240213_bmcc_868_pfa_hs_tub_02,bmcc868_pfa_tub_20240213_hs_02
20240213_bmcc_868_pfa_hs_cent_03,bmcc868_pfa_cetn_20240213_hs_03
20240213_bmcc_868_pfa_hs_dna_03,bmcc868_pfa_dna_20240213_hs_03
20240213_bmcc_868_pfa_hs_nhs_03,bmcc868_pfa_nhs_20240213_hs_03
20240213_bmcc_868_pfa_hs_tub_03,bmcc868_pfa_tub_20240213_hs_03
20240213_bmcc_868_pfa_hs_cent_04,bmcc868_pfa_cetn_20240213_hs_04
20240213_bmcc_868_pfa_hs_dna_04,bmcc868_pfa_dna_20240213_hs_04
20240213_bmcc_868_pfa_hs_nhs_04,bmcc868_pfa_nhs_20240213_hs_04
20240213_bmcc_868_pfa_hs_tub_04,bmcc868_pfa_tub_20240213_hs_04
20240213_bmcc_868_pfa_hs_cent_05,bmcc868_pfa_cetn_20240213_hs_05
20240213_bmcc_868_pfa_hs_dna_05,bmcc868_pfa_dna_20240213_hs_05
20240213_bmcc_868_pfa_hs_nhs_05,bmcc868_pfa_nhs_20240213_hs_05
20240213_bmcc_868_pfa_hs_tub_05,bmcc868_pfa_tub_20240213_hs_05
20240213_bmcc_868_pfa_hs_cent_06,bmcc868_pfa_cetn_20240213_hs_06
20240213_bmcc_868_pfa_hs_dna_06,bmcc868_pfa_dna_20240213_hs_06
20240213_bmcc_868_pfa_hs_nhs_06,bmcc868_pfa_nhs_20240213_hs_06
20240213_bmcc_868_pfa_hs_tub_06,bmcc868_pfa_tub_20240213_hs_06
20240213_bmcc_868_pfa_hs_cent_07,bmcc868_pfa_cetn_20240213_hs_07
20240213_bmcc_868_pfa_hs_dna_07,bmcc868_pfa_dna_20240213_hs_07
20240213_bmcc_868_pfa_hs_nhs_07,bmcc868_pfa_nhs_20240213_hs_07
20240213_bmcc_868_pfa_hs_tub_07,bmcc868_pfa_tub_20240213_hs_07
20240214_bmcc614_pfa_tub-centr-hoechst-nhs,bmcc614_pfa_tub-cetn-dna-nhs_20240214_cl
20240214_bmcc_4_pfa_hs_cent_01,bmcc4_pfa_cetn_20240214_hs_01
20240214_bmcc_4_pfa_hs_dna_01,bmcc4_pfa_dna_20240214_hs_01
20240214_bmcc_4_pfa_hs_nhs_01,bmcc4_pfa_nhs_20240214_hs_01
20240214_bmcc_4_pfa_hs_tub_01,bmcc4_pfa_tub_20240214_hs_01
20240214_bmcc_4_pfa_hs_cent_02,bmcc4_pfa_cetn_20240214_hs_02
20240214_bmcc_4_pfa_hs_dna_02,bmcc4_pfa_dna_20240214_hs_02
20240214_bmcc_4_pfa_hs_nhs_02,bmcc4_pfa_nhs_20240214_hs_02
20240214_bmcc_4_pfa_hs_tub_02,bmcc4_pfa_tub_20240214_hs_02
20240214_bmcc_4_pfa_hs_cent_03,bmcc4_pfa_cetn_20240214_hs_03
20240214_bmcc_4_pfa_hs_dna_03,bmcc4_pfa_dna_20240214_hs_03
20240214_bmcc_4_pfa_hs_nhs_03,bmcc4_pfa_nhs_20240214_hs_03
20240214_bmcc_4_pfa_hs_tub_03,bmcc4_pfa_tub_20240214_hs_03
20240214_bmcc_4_pfa_hs_cent_08,bmcc4_pfa_cetn_20240214_hs_08
20240214_bmcc_4_pfa_hs_dna_08,bmcc4_pfa_dna_20240214_hs_08
20240214_bmcc_4_pfa_hs_nhs_08,bmcc4_pfa_nhs_20240214_hs_08
20240214_bmcc_4_pfa_hs_tub_08,bmcc4_pfa_tub_20240214_hs_08
20240214_bmcc_4_pfa_hs_cent_09,bmcc4_pfa_cetn_20240214_hs_09
20240214_bmcc_4_pfa_hs_dna_09,bmcc4_pfa_dna_20240214_hs_09
20240214_bmcc_4_pfa_hs_nhs_09,bmcc4_pfa_nhs_20240214_hs_09
20240214_bmcc_4_pfa_hs_tub_09,bmcc4_pfa_tub_20240214_hs_09
20240214_bmcc_4_pfa_hs_cent_11,bmcc4_pfa_cetn_20240214_hs_11
20240214_bmcc_4_pfa_hs_dna_11,bmcc4_pfa_dna_20240214_hs_11
20240214_bmcc_4_pfa_hs_nhs_11,bmcc4_pfa_nhs_20240214_hs_11
20240214_bmcc_4_pfa_hs_tub_11,bmcc4_pfa_tub_20240214_hs_11
20240214_bmcc_4_pfa_hs_cent_12,bmcc4_pfa_cetn_20240214_hs_12
20240214_bmcc_4_pfa_hs_dna_12,bmcc4_pfa_dna_20240214_hs_12
20240214_bmcc_4_pfa_hs_nhs_12,bmcc4_pfa_nhs_20240214_hs_12
20240214_bmcc_4_pfa_hs_tub_12,bmcc4_pfa_tub_20240214_hs_12
20240214_bmcc_8_pfa_hs_cent_01,bmcc8_pfa_cetn_20240214_hs_01
20240214_bmcc_8_pfa_hs_dna_01,bmcc8_pfa_dna_20240214_hs_01
20240214_bmcc_8_pfa_hs_nhs_01,bmcc8_pfa_nhs_20240214_hs_01
20240214_bmcc_8_pfa_hs_tub_01,bmcc8_pfa_tub_20240214_hs_01
20240214_bmcc_8_pfa_hs_cent_02,bmcc8_pfa_cetn_20240214_hs_02
20240214_bmcc_8_pfa_hs_dna_02,bmcc8_pfa_dna_20240214_hs_02
20240214_bmcc_8_pfa_hs_nhs_02,bmcc8_pfa_nhs_20240214_hs_02
20240214_bmcc_8_pfa_hs_tub_02,bmcc8_pfa_tub_20240214_hs_02
20240214_bmcc_8_pfa_hs_cent_03,bmcc8_pfa_cetn_20240214_hs_03
20240214_bmcc_8_pfa_hs_dna_03,bmcc8_pfa_dna_20240214_hs_03
20240214_bmcc_8_pfa_hs_nhs_03,bmcc8_pfa_nhs_20240214_hs_03
20240214_bmcc_8_pfa_hs_tub_03,bmcc8_pfa_tub_20240214_hs_03
20240214_bmcc_8_pfa_hs_cent_04,bmcc8_pfa_cetn_20240214_hs_04
20240214_bmcc_8_pfa_hs_dna_04,bmcc8_pfa_dna_20240214_hs_04
20240214_bmcc_8_pfa_hs_nhs_04,bmcc8_pfa_nhs_20240214_hs_04
20240214_bmcc_8_pfa_hs_tub_04,bmcc8_pfa_tub_20240214_hs_04
20240214_bmcc_8_pfa_hs_cent_05,bmcc8_pfa_cetn_20240214_hs_05
20240214_bmcc_8_pfa_hs_dna_05,bmcc8_pfa_dna_20240214_hs_05
20240214_bmcc_8_pfa_hs_nhs_05,bmcc8_pfa_nhs_20240214_hs_05
20240214_bmcc_8_pfa_hs_tub_05,bmcc8_pfa_tub_20240214_hs_05
20240214_bmcc_8_pfa_hs_cent_06,bmcc8_pfa_cetn_20240214_hs_06
20240214_bmcc_8_pfa_hs_dna_06,bmcc8_pfa_dna_20240214_hs_06
20240214_bmcc_8_pfa_hs_nhs_06,bmcc8_pfa_nhs_20240214_hs_06
20240214_bmcc_8_pfa_hs_tub_06,bmcc8_pfa_tub_20240214_hs_06
20240214_bmcc_8_pfa_hs_cent_07,bmcc8_pfa_cetn_20240214_hs_07
20240214_bmcc_8_pfa_hs_dna_07,bmcc8_pfa_dna_20240214_hs_07
20240214_bmcc_8_pfa_hs_nhs_07,bmcc8_pfa_nhs_20240214_hs_07
20240214_bmcc_8_pfa_hs_tub_07,bmcc8_pfa_tub_20240214_hs_07
20240214_bmcc_8_pfa_hs_cent_08,bmcc8_pfa_cetn_20240214_hs_08
20240214_bmcc_8_pfa_hs_dna_08,bmcc8_pfa_dna_20240214_hs_08
20240214_bmcc_8_pfa_hs_nhs_08,bmcc8_pfa_nhs_20240214_hs_08
20240214_bmcc_8_pfa_hs_tub_08,bmcc8_pfa_tub_20240214_hs_08
20240214_bmcc_8_pfa_hs_cent_09,bmcc8_pfa_cetn_20240214_hs_09
20240214_bmcc_8_pfa_hs_dna_09,bmcc8_pfa_dna_20240214_hs_09
20240214_bmcc_8_pfa_hs_nhs_09,bmcc8_pfa_nhs_20240214_hs_09
20240214_bmcc_8_pfa_hs_tub_09,bmcc8_pfa_tub_20240214_hs_09
20240214_bmcc_8_pfa_hs_cent_10,bmcc8_pfa_cetn_20240214_hs_10
20240214_bmcc_8_pfa_hs_dna_10,bmcc8_pfa_dna_20240214_hs_10
20240214_bmcc_8_pfa_hs_nhs_10,bmcc8_pfa_nhs_20240214_hs_10
20240214_bmcc_8_pfa_hs_tub_10,bmcc8_pfa_tub_20240214_hs_10
20240214_bmcc_8_pfa_hs_cent_11,bmcc8_pfa_cetn_20240214_hs_11
20240214_bmcc_8_pfa_hs_dna_11,bmcc8_pfa_dna_20240214_hs_11
20240214_bmcc_8_pfa_hs_nhs_11,bmcc8_pfa_nhs_20240214_hs_11
20240214_bmcc_8_pfa_hs_tub_11,bmcc8_pfa_tub_20240214_hs_11
20240214_rcc6444_pfa_tub-centr-hoechst-nhs,rcc6444_pfa_tub-cetn-dna-nhs_20240214_cl
20240215_rcc6323_pfa_tub-centr-hoechst-nhs-01,rcc6323_pfa_tub-cetn-dna-nhs_20240215_cl_01
20240215_rcc6323_pfa_tub-centr-hoechst-nhs-02,rcc6323_pfa_tub-cetn-dna-nhs_20240215_cl_02
20240215_rcc6323_pfa_tub-centr-hoechst-nhs-03,rcc6323_pfa_tub-cetn-dna-nhs_20240215_cl_03
20240215_rcc6323_pfa_tub-centr-hoechst-nhs-04,rcc6323_pfa_tub-cetn-dna-nhs_20240215_cl_04
20240215_rcc6323_pfa_tub-centr-hoechst-nhs-05,rcc6323_pfa_tub-cetn-dna-nhs_20240215_cl_05
20240215_rcc6444_pfa_tub-centr-hoechst-nhs,rcc6444_pfa_tub-cetn-dna-nhs_20240215_cl
20240215_rccq1-11_pfa_tub-centr-hoechst-nhs,rcc10777_pfa_tub-cetn-dna-nhs_20240215_cl
20240216_BMCC_281_pfa_OD_Hoechst-centr-nhs-tub,bmcc281_pfa_dna-cetn-nhs-tub_20240216_od
20240216_BMCC_28_pfa_OD_Hoechst-centr-nhs-tub,bmcc28_pfa_dna-cetn-nhs-tub_20240216_od
20240216_BMCC_449_pfa_OD_Hoechst-centr-nhs-tub,bmcc449_pfa_dna-cetn-nhs-tub_20240216_od
20240216_BMCC_540_pfa_OD_Hoechst-centr-nhs-tub,bmcc540_pfa_dna-cetn-nhs-tub_20240216_od
20240216_BMCC_640_pfa_OD_Hoechst-centr-nhs-tub,bmcc640_pfa_dna-cetn-nhs-tub_20240216_od
20240216_BMCC_85Cacl2_pfa_OD_Hoechst-centr-nhs-tub,bmcc85_pfa_dna-cetn-nhs-tub_20240216_od_01
20240216_BMCC_85EGTA_pfa_OD_Hoechst-centr-nhs-tub,bmcc85_pfa_dna-cetn-nhs-tub_20240216_od_02
20240216_BMCC_85MBC_pfa_OD_Hoechst-centr-nhs-tub,bmcc85_pfa_dna-cetn-nhs-tub_20240216_od_03
20240216_BMCC_85Noc_pfa_OD_Hoechst-centr-nhs-tub,bmcc85_pfa_dna-cetn-nhs-tub_20240216_od_04
20240216_BMCC_85_pfa_OD_Hoechst-centr-nhs-tub,bmcc85_pfa_dna-cetn-nhs-tub_20240216_od
20240220_bmcc745_FM-nhs-centr-tub-hoechst-60x_001,bmcc745_hpf_nhs-cetn-tub-dna_20240220_fm_01
20240220_bmcc745_FM-nhs-centr-tub-hoechst-60x_002,bmcc745_hpf_nhs-cetn-tub-dna_20240220_fm_02
20240220_bmcc745_FM-nhs-centr-tub-hoechst-60x_003,bmcc745_hpf_nhs-cetn-tub-dna_20240220_fm_03
20240220_bmcc745_FM-nhs-centr-tub-hoechst-60x_004,bmcc745_hpf_nhs-cetn-tub-dna_20240220_fm_04
20240220_bmcc745_FM-nhs-centr-tub-hoechst-60x_005,bmcc745_hpf_nhs-cetn-tub-dna_20240220_fm_05
20240220_bmcc745_FM-nhs-centr-tub-hoechst-60x_006,bmcc745_hpf_nhs-cetn-tub-dna_20240220_fm_06
20240220_bmcc745_FM-nhs-centr-tub-hoechst-60x_007,bmcc745_hpf_nhs-cetn-tub-dna_20240220_fm_07
20240222_bmcc_868_pfa_hs_cent_01,bmcc868_pfa_cetn_20240222_hs_01
20240222_bmcc_868_pfa_hs_dna_01,bmcc868_pfa_dna_20240222_hs_01
20240222_bmcc_868_pfa_hs_nhs_01,bmcc868_pfa_nhs_20240222_hs_01
20240222_bmcc_868_pfa_hs_tub_01,bmcc868_pfa_tub_20240222_hs_01
20240222_bmcc_868_pfa_hs_cent_02,bmcc868_pfa_cetn_20240222_hs_02
20240222_bmcc_868_pfa_hs_dna_02,bmcc868_pfa_dna_20240222_hs_02
20240222_bmcc_868_pfa_hs_nhs_02,bmcc868_pfa_nhs_20240222_hs_02
20240222_bmcc_868_pfa_hs_tub_02,bmcc868_pfa_tub_20240222_hs_02
20240222_bmcc_868_pfa_hs_cent_03,bmcc868_pfa_cetn_20240222_hs_03
20240222_bmcc_868_pfa_hs_dna_03,bmcc868_pfa_dna_20240222_hs_03
20240222_bmcc_868_pfa_hs_nhs_03,bmcc868_pfa_nhs_20240222_hs_03
20240222_bmcc_868_pfa_hs_tub_03,bmcc868_pfa_tub_20240222_hs_03
20240222_bmcc_868_pfa_hs_cent_04,bmcc868_pfa_cetn_20240222_hs_04
20240222_bmcc_868_pfa_hs_dna_04,bmcc868_pfa_dna_20240222_hs_04
20240222_bmcc_868_pfa_hs_nhs_04,bmcc868_pfa_nhs_20240222_hs_04
20240222_bmcc_868_pfa_hs_tub_04,bmcc868_pfa_tub_20240222_hs_04
20240222_bmcc_868_pfa_hs_cent_05,bmcc868_pfa_cetn_20240222_hs_05
20240222_bmcc_868_pfa_hs_dna_05,bmcc868_pfa_dna_20240222_hs_05
20240222_bmcc_868_pfa_hs_nhs_05,bmcc868_pfa_nhs_20240222_hs_05
20240222_bmcc_868_pfa_hs_tub_05,bmcc868_pfa_tub_20240222_hs_05
20240222_bmcc_868_pfa_hs_cent_06,bmcc868_pfa_cetn_20240222_hs_06
20240222_bmcc_868_pfa_hs_dna_06,bmcc868_pfa_dna_20240222_hs_06
20240222_bmcc_868_pfa_hs_nhs_06,bmcc868_pfa_nhs_20240222_hs_06
20240222_bmcc_868_pfa_hs_tub_06,bmcc868_pfa_tub_20240222_hs_06
20240229_bmcc183-hpf_fm_NHS_cent_tub_DNA_60x4x_004,bmcc183_hpf_nhs-cetn-tub-dna_20240229_fm_04
20240229_bmcc183-hpf_fm_NHS_cent_tub_DNA_60x4x_005,bmcc183_hpf_nhs-cetn-tub-dna_20240229_fm_05
20240229_bmcc183-hpf_fm_NHS_cent_tub_DNA_60x4x_006,bmcc183_hpf_nhs-cetn-tub-dna_20240229_fm_06
20240229_bmcc183-hpf_fm_NHS_cent_tub_DNA_60x4x_007,bmcc183_hpf_nhs-cetn-tub-dna_20240229_fm_07
20240229_bmcc183-hpf_fm_NHS_cent_tub_DNA_60x_001,bmcc183_hpf_nhs-cetn-tub-dna_20240229_fm_01
20240229_bmcc183-hpf_fm_NHS_cent_tub_DNA_60x_002,bmcc183_hpf_nhs-cetn-tub-dna_20240229_fm_02
20240229_bmcc183-hpf_fm_NHS_cent_tub_DNA_60x_003,bmcc183_hpf_nhs-cetn-tub-dna_20240229_fm_03
20240229_bmcc642-hpf_fm_NHS_cent_tub_DNA_60x_001,bmcc642_hpf_nhs-cetn-tub-dna_20240229_fm_01
20240229_bmcc642-hpf_fm_NHS_cent_tub_DNA_60x_002,bmcc642_hpf_nhs-cetn-tub-dna_20240229_fm_02
20240229_bmcc642-hpf_fm_NHS_cent_tub_DNA_60x_003,bmcc642_hpf_nhs-cetn-tub-dna_20240229_fm_03
20240229_bmcc642-hpf_fm_NHS_cent_tub_DNA_60x_004,bmcc642_hpf_nhs-cetn-tub-dna_20240229_fm_04
20240229_bmcc692-hpf_fm_NHS_cent_tub_DNA_60x_001,bmcc692_hpf_nhs-cetn-tub-dna_20240229_fm_01
20240229_bmcc692-hpf_fm_NHS_cent_tub_DNA_60x_002,bmcc692_hpf_nhs-cetn-tub-dna_20240229_fm_02
20240229_bmcc745-hpf_fm_NHS_cent_tub_DNA_60x_001,bmcc745_hpf_nhs-cetn-tub-dna_20240229_fm_01
20240229_bmcc745-hpf_fm_NHS_cent_tub_DNA_60x_002,bmcc745_hpf_nhs-cetn-tub-dna_20240229_fm_02
20240229_bmcc85-hpf_fm_NHS_cent_tub_DNA_60x4x_009,bmcc85_hpf_nhs-cetn-tub-dna_20240229_fm_09
20240229_bmcc85-hpf_fm_NHS_cent_tub_DNA_60x_001,bmcc85_hpf_nhs-cetn-tub-dna_20240229_fm_01
20240229_bmcc85-hpf_fm_NHS_cent_tub_DNA_60x_002,bmcc85_hpf_nhs-cetn-tub-dna_20240229_fm_02
20240229_bmcc85-hpf_fm_NHS_cent_tub_DNA_60x_003,bmcc85_hpf_nhs-cetn-tub-dna_20240229_fm_03
20240229_bmcc85-hpf_fm_NHS_cent_tub_DNA_60x_004,bmcc85_hpf_nhs-cetn-tub-dna_20240229_fm_04
20240229_bmcc85-hpf_fm_NHS_cent_tub_DNA_60x_005,bmcc85_hpf_nhs-cetn-tub-dna_20240229_fm_05
20240229_bmcc85-hpf_fm_NHS_cent_tub_DNA_60x_006,bmcc85_hpf_nhs-cetn-tub-dna_20240229_fm_06
20240229_bmcc85-hpf_fm_NHS_cent_tub_DNA_60x_007,bmcc85_hpf_nhs-cetn-tub-dna_20240229_fm_07
20240229_bmcc85-hpf_fm_NHS_cent_tub_DNA_60x_008,bmcc85_hpf_nhs-cetn-tub-dna_20240229_fm_08
20240307_bmcc183_fm_hpf_nhs_cent_tub_dna_60x4x_008,bmcc183_hpf_nhs-cetn-tub-dna_20240307_fm_08
20240307_bmcc183_fm_hpf_nhs_cent_tub_dna_60x4x_009,bmcc183_hpf_nhs-cetn-tub-dna_20240307_fm_09
20240307_bmcc183_fm_hpf_nhs_cent_tub_dna_60x4x_010,bmcc183_hpf_nhs-cetn-tub-dna_20240307_fm_10
20240307_bmcc183_fm_hpf_nhs_cent_tub_dna_60x4x_011,bmcc183_hpf_nhs-cetn-tub-dna_20240307_fm_11
20240307_bmcc183_fm_hpf_nhs_cent_tub_dna_60x4x_012,bmcc183_hpf_nhs-cetn-tub-dna_20240307_fm_12
20240307_bmcc183_fm_hpf_nhs_cent_tub_dna_60x4x_013,bmcc183_hpf_nhs-cetn-tub-dna_20240307_fm_13
20240307_bmcc183_fm_hpf_nhs_cent_tub_dna_60x4x_014,bmcc183_hpf_nhs-cetn-tub-dna_20240307_fm_14
20240307_bmcc692_fm_hpf_nhs_cent_tub_dna_60x4x_004,bmcc692_hpf_nhs-cetn-tub-dna_20240307_fm_04
20240307_bmcc692_fm_hpf_nhs_cent_tub_dna_60x4x_005,bmcc692_hpf_nhs-cetn-tub-dna_20240307_fm_05
20240307_bmcc692_fm_hpf_nhs_cent_tub_dna_60x_006,bmcc692_hpf_nhs-cetn-tub-dna_20240307_fm_06
20240307_bmcc692_fm_hpf_nhs_cent_tub_dna_60x_007,bmcc692_hpf_nhs-cetn-tub-dna_20240307_fm_07
20240307_bmcc745_fm_hpf_nhs_cent_tub_dna_60x4x_001,bmcc745_hpf_nhs-cetn-tub-dna_20240307_fm_01
20240307_bmcc745_fm_hpf_nhs_cent_tub_dna_60x4x_002,bmcc745_hpf_nhs-cetn-tub-dna_20240307_fm_02
20240307_bmcc745_fm_hpf_nhs_cent_tub_dna_60x4x_003,bmcc745_hpf_nhs-cetn-tub-dna_20240307_fm_03
20240307_bmcc83_fm_hpf_nhs_cent_tub_dna_60x4x_020,bmcc85_hpf_nhs-cetn-tub-dna_20240307_fm_20
20240307_bmcc83_fm_hpf_nhs_cent_tub_dna_60x4x_021,bmcc85_hpf_nhs-cetn-tub-dna_20240307_fm_21
20240307_bmcc83_fm_hpf_nhs_cent_tub_dna_60x_015,bmcc85_hpf_nhs-cetn-tub-dna_20240307_fm_15
20240307_bmcc83_fm_hpf_nhs_cent_tub_dna_60x_016,bmcc85_hpf_nhs-cetn-tub-dna_20240307_fm_16
20240307_bmcc83_fm_hpf_nhs_cent_tub_dna_60x_017,bmcc85_hpf_nhs-cetn-tub-dna_20240307_fm_17
20240307_bmcc83_fm_hpf_nhs_cent_tub_dna_60x_018,bmcc85_hpf_nhs-cetn-tub-dna_20240307_fm_18
20240307_bmcc83_fm_hpf_nhs_cent_tub_dna_60x_019,bmcc85_hpf_nhs-cetn-tub-dna_20240307_fm_19
20240318_bmcc613_pfa_centr-tub-hoechst,bmcc613_pfa_cetn-tub-dna_20240318_cl
20240318_bmcc614_pfa_centr-tub-hoechst,bmcc614_pfa_cetn-tub-dna_20240318_cl
20240318_bmcc636_pfa_centr-tub-hoechst,bmcc636_pfa_cetn-tub-dna_20240318_cl
20240322_rcc6516_pfa_hoechst-centr-nhs,rcc6516_pfa_dna-nhs-ctn_20240322_cl
20240325_rcc3656_pfa_hoechst-nhs-centr,rcc3656_pfa_dna-nhs-cetn_20240325_cl
20240401_1512_fm_DNA_Centr_tub_NHS_60x_016,rcc1512_pfa_dna-cetn-tub-nhs_20240401_fm_16
20240401_1FCC19-038_fm_DNA_Centr_tub_NHS_60x_025,rcc10431_pfa_dna-cetn-tub-nhs_20240401_fm_25
20240401_1FCC19-038_fm_DNA_Centr_tub_NHS_60x_026,rcc10431_pfa_dna-cetn-tub-nhs_20240401_fm_26
20240401_1FCC19-038_fm_DNA_Centr_tub_NHS_60x_027,rcc10431_pfa_dna-cetn-tub-nhs_20240401_fm_27
20240401_1FCC19-038_fm_DNA_Centr_tub_NHS_60x_028,rcc10431_pfa_dna-cetn-tub-nhs_20240401_fm_28
20240401_1FCC19-038_fm_DNA_Centr_tub_NHS_60x_029,rcc10431_pfa_dna-cetn-tub-nhs_20240401_fm_29
20240401_3384_fm_DNA_Centr_tub_NHS_60x_022,rcc3384_pfa_dna-cetn-tub-nhs_20240401_fm_22
20240401_3384_fm_DNA_Centr_tub_NHS_60x_023,rcc3384_pfa_dna-cetn-tub-nhs_20240401_fm_23
20240401_3384_fm_DNA_Centr_tub_NHS_60x_024,rcc3384_pfa_dna-cetn-tub-nhs_20240401_fm_24
20240401_3511_fm_DNA_Centr_tub_NHS_60x_019,rcc3511_pfa_dna-cetn-tub-nhs_20240401_fm_19
20240401_3511_fm_DNA_Centr_tub_NHS_60x_020,rcc3511_pfa_dna-cetn-tub-nhs_20240401_fm_20
20240401_3511_fm_DNA_Centr_tub_NHS_60x_021,rcc3511_pfa_dna-cetn-tub-nhs_20240401_fm_21
20240401_UTH-EZ_fm_DNA_Centr_tub_NHS_60x4x_003,rcc2538_pfa_dna-cetn-tub-nhs_20240401_fm_03
20240401_UTH-EZ_fm_DNA_Centr_tub_NHS_60x4x_004,rcc2538_pfa_dna-cetn-tub-nhs_20240401_fm_04
20240401_UTH-EZ_fm_DNA_Centr_tub_NHS_60x4x_005,rcc2538_pfa_dna-cetn-tub-nhs_20240401_fm_05
20240401_UTH-EZ_fm_DNA_Centr_tub_NHS_60x4x_006,rcc2538_pfa_dna-cetn-tub-nhs_20240401_fm_06
20240401_UTH-EZ_fm_DNA_Centr_tub_NHS_60x4x_007,rcc2538_pfa_dna-cetn-tub-nhs_20240401_fm_07
20240401_UTH-EZ_fm_DNA_Centr_tub_NHS_60x4x_008,rcc2538_pfa_dna-cetn-tub-nhs_20240401_fm_08
20240401_UTH-EZ_fm_DNA_Centr_tub_NHS_60x4x_009,rcc2538_pfa_dna-cetn-tub-nhs_20240401_fm_09
20240401_UTH-EZ_fm_DNA_Centr_tub_NHS_60x4x_010,rcc2538_pfa_dna-cetn-tub-nhs_20240401_fm_10
20240401_UTH-EZ_fm_DNA_Centr_tub_NHS_60x_001,rcc2538_pfa_dna-cetn-tub-nhs_20240401_fm_01
20240401_UTH-EZ_fm_DNA_Centr_tub_NHS_60x_002,rcc2538_pfa_dna-cetn-tub-nhs_20240401_fm_02
20240401_Vf21-17_fm_DNA_Centr_tub_NHS_60x_001,rcc10887_pfa_dna-cetn-tub-nhs_20240401_fm_01
20240401_Vf21-17_fm_DNA_Centr_tub_NHS_60x_002,rcc10887_pfa_dna-cetn-tub-nhs_20240401_fm_02
20240401_Vf21-34_fm_DNA_Centr_tub_NHS_40x_001,rcc10896_pfa_dna-cetn-tub-nhs_20240401_fm_01
20240401_Vf21-34_fm_DNA_Centr_tub_NHS_40x_002,rcc10896_pfa_dna-cetn-tub-nhs_20240401_fm_02
20240401_ZE10_fm_DNA_Centr_tub_NHS_40x_003,rcc10633_pfa_dna-cetn-tub-nhs_20240401_fm_03
20240401_ZE10_fm_DNA_Centr_tub_NHS_60x4x_005,rcc10633_pfa_dna-cetn-tub-nhs_20240401_fm_05
20240401_ZE10_fm_DNA_Centr_tub_NHS_60x4x_006,rcc10633_pfa_dna-cetn-tub-nhs_20240401_fm_06
20240401_ZE10_fm_DNA_Centr_tub_NHS_60x4x_007,rcc10633_pfa_dna-cetn-tub-nhs_20240401_fm_07
20240401_ZE10_fm_DNA_Centr_tub_NHS_60x4x_008,rcc10633_pfa_dna-cetn-tub-nhs_20240401_fm_08
20240401_ZE10_fm_DNA_Centr_tub_NHS_60x4x_009,rcc10633_pfa_dna-cetn-tub-nhs_20240401_fm_09
20240401_ZE10_fm_DNA_Centr_tub_NHS_60x4x_010,rcc10633_pfa_dna-cetn-tub-nhs_20240401_fm_10
20240401_ZE10_fm_DNA_Centr_tub_NHS_60x4x_011,rcc10633_pfa_dna-cetn-tub-nhs_20240401_fm_11
20240401_ZE10_fm_DNA_Centr_tub_NHS_60x_004,rcc10633_pfa_dna-cetn-tub-nhs_20240401_fm_04
20240401_p14-178_fm_DNA_Centr_tub_NHS_60x_011,rcc10636_pfa_dna-cetn-tub-nhs_20240401_fm_11
20240401_p14-178_fm_DNA_Centr_tub_NHS_60x_012,rcc10636_pfa_dna-cetn-tub-nhs_20240401_fm_12
20240401_p14-178_fm_DNA_Centr_tub_NHS_60x_013,rcc10636_pfa_dna-cetn-tub-nhs_20240401_fm_13
20240401_p22-43_fm_DNA_Centr_tub_NHS_60x4x_018,rcc10647_pfa_dna-cetn-tub-nhs_20240401_fm_18
20240401_p22-43_fm_DNA_Centr_tub_NHS_60x_017,rcc10647_pfa_dna-cetn-tub-nhs_20240401_fm_17
20240401_p22-U4_fm_DNA_Centr_tub_NHS_60x_030,rcc2539_pfa_dna-cetn-tub-nhs_20240401_fm_30
20240401_p22-U4_fm_DNA_Centr_tub_NHS_60x_031,rcc2539_pfa_dna-cetn-tub-nhs_20240401_fm_31
20240401_p22-U4_fm_DNA_Centr_tub_NHS_60x_032,rcc2539_pfa_dna-cetn-tub-nhs_20240401_fm_32
20240401_p22-U4_fm_DNA_Centr_tub_NHS_60x_033,rcc2539_pfa_dna-cetn-tub-nhs_20240401_fm_33
20240401_vf21-96_fm_DNA_Centr_tub_NHS_60x_014,rcc10930_pfa_dna-cetn-tub-nhs_20240401_fm_14
20240401_vf21-96_fm_DNA_Centr_tub_NHS_60x_015,rcc10930_pfa_dna-cetn-tub-nhs_20240401_fm_15
20240404_rcc6219-pfa_centr-tub-hoechst,rcc6219_pfa_cetn-tub-dna_20240404_cl
20240411_rccaph_pfa_centr-nhs-tub,rcc10637_pfa_cetn-nhs-tub_20240411_cl
20240423_rccp22-53_pfa_hoechst-tub-centr-nhs,rcc10610_pfa_dna-tub-cetn-nhs_20240423_cl
20240425_bmcc21_pfa_hoechst-tub-centr-nhs,bmcc21_pfa_dna-tub-cetn-nhs_20240425_cl
20240425_rcc6171_pfa_hoechst-tub-centr-nhs,rcc6171_pfa_dna-tub-cetn-nhs_20240425_cl
20240425_rcc6684_pfa_hoechst-tub-centr-nhs,rcc6684_pfa_dna-tub-cetn-nhs_20240425_cl
20240425_rccgy4va_pfa_hoechst-tub-centr-nhs,rcc10426_pfa_dna-tub-cetn-nhs_20240425_cl
20240426_rcc1491_pfa_centr-tub-hoechst,rcc1491_pfa_cetn-tub-dna_20240426_cl
20240426_rcc6684_pfa_centr-tub-hoechst,rcc6684_pfa_cetn-tub-dna_20240426_cl
20240521_bmcc308_pfa_centr-tub-hoechst,bmcc308_pfa_cetn-tub-dna_20240521_cl
20240521_bmcc673_pfa_hoechst-tub-centr,bmcc673_pfa_dna-tub-cetn_20240521_cl
20240521_bmcc680_pfa_hoechst-tub-centr,bmcc680_pfa_dna-tub-cetn_20240521_cl
20240521_bmcc691_pfa_hoechst-tub-centr,bmcc691_pfa_dna-tub-cetn_20240521_cl
20240522_rcc5909_pfa_hoechst-nhs-tub,rcc5909_pfa_dna-nhs-tub_20240522_cl
20240522_rccp18-19_pfa_hoechst-centr-tub,rcc10705_pfa_dna-tub-cetn_20240522_cl
20240522_rccp18-19_pfa_hoechst-nhs-tub,rcc10705_pfa_dna-nhs-tub_20240522_cl
20240522_rccp22-60-ct_pfa_hoechst-nhs-tub,rcc10732_pfa_dna-nhs-tub_20240522_cl
20240604_rcc2962-pfa_centr-tub-hoechst,rcc2962_pfa_cetn-tub-dna_20240604_cl
20240604_rcc4656-pfa_centr-tub-hoechst,rcc4656_pfa_cetn-tub-dna_20240604_cl
20240604_rcc4657-pfa_centr-tub-hoechst,rcc4657_pfa_cetn-tub-dna_20240604_cl
20240604_rcc5817-pfa_centr-tub-hoechst,rcc5817_pfa_cetn-tub-dna_20240604_cl
20240604_rcc998-pfa_centr-tub-hoechst,rcc998_pfa_cetn-tub-dna_20240604_cl
20240604_rccc2580-pfa_centr-tub-hoechst,rcc10375_pfa_cetn-tub-dna_20240604_cl
20240604_rccp22-27-pfa_centr-tub-hoechst,rcc6327_pfa_cetn-tub-dna_20240604_cl
20240604_rccp22-57-pfa_centr-tub-hoechst,rcc10731_pfa_cetn-tub-dna_20240604_cl
C1975_pfa_dna-tub-cetn_20251803_cl_s03,c1975_pfa_tub-cetn-dna_20251803_cl_03
C1975_pfa_dna-tub-cetn_20251803_cl_s06,c1975_pfa_tub-cetn-dna_20251803_cl_06
C1975_pfa_dna-tub-cetn_20251803_cl_s08,c1975_pfa_dna-tub-cetn_20251803_cl_08
C1975_pfa_dna-tub-cetn_20252003_cl_s01,c1975_pfa_dna-tub-cetn_20252003_cl_01
C1975_pfa_dna-tub-cetn_20252003_cl_s02,c1975_pfa_dna-tub-cetn_20252003_cl_02
RCC1490_pfa_cetn_tub_dna_20252103_cl_s01,rcc1490_pfa_cetn-tub-dna_20252103_cl_01
RCC1490_pfa_cetn_tub_dna_20252103_cl_s02,rcc1490_pfa_cetn-tub-dna_20252103_cl_02
RCC1490_pfa_cetn_tub_dna_20252103_cl_s03,rcc1490_pfa_cetn-tub-dna_20252103_cl_03
RCC1490_pfa_cetn_tub_dna_20252103_cl_s04,rcc1490_pfa_tub-cetn_20252103_cl_04
RCC1490_pfa_cetn_tub_dna_20252103_cl_s05,rcc1490_pfa_cetn-tub-dna_20252103_cl_05
RCC3002_pfa_cetn_tub_dna_20252103_cl_s01,rcc3002_pfa_cetn-tub-dna_20252103_cl_01
RCC3002_pfa_cetn_tub_dna_20252103_cl_s02,rcc3002_pfa_cetn-tub-dna_20252103_cl_02
RCC3002_pfa_cetn_tub_dna_20252103_cl_s03,rcc3002_pfa_cetn-tub-dna_20252103_cl_03
RCC3002_pfa_cetn_tub_dna_20252103_cl_s04,rcc3002_pfa_cetn-tub-dna_20252103_cl_04
RCC3002_pfa_cetn_tub_dna_20252103_cl_s05,rcc3002_pfa_cetn-tub-dna_20252103_cl_05
RCC6123_pfa_cetn_tub_dna_20252103_cl_s01,rcc6123_pfa_cetn-tub-dna_20252103_cl_01
RCC6123_pfa_cetn_tub_dna_20252103_cl_s02,rcc6123_pfa_cetn-tub-dna_20252103_cl_02
RCC6123_pfa_cetn_tub_dna_20252103_cl_s03,rcc6123_pfa_cetn-tub-dna_20252103_cl_03
RCC6123_pfa_cetn_tub_dna_20252103_cl_s04,rcc6123_pfa_cetn-tub-dna_20252103_cl_04
RCC6123_pfa_cetn_tub_dna_20252103_cl_s05,rcc6123_pfa_cetn-tub-dna_20252103_cl_05
RCC6123_pfa_cetn_tub_dna_20252103_cl_s06,rcc6123_pfa_cetn-tub-dna_20252103_cl_06
RCC6123_pfa_cetn_tub_dna_20252103_cl_s08,rcc6123_pfa_cetn-tub-dna_20252103_cl_08
RCC6604_pfa_cetn_tub_dna_20252103_cl_s01,rcc6604_pfa_cetn-tub-dna_20252103_cl_01
RCC6604_pfa_cetn_tub_dna_20252103_cl_s02,rcc6604_pfa_cetn-tub-dna_20252103_cl_02
RCC6604_pfa_cetn_tub_dna_20252103_cl_s03,rcc6604_pfa_cetn-tub-dna_20252103_cl_03
RCC6675_pfa_cetn_20250314_hs_s03,rcc6675_pfa_cetn_20250314_hs_03
RCC6675_pfa_dna_20250314_hs_s03,rcc6675_pfa_dna_20250314_hs_03
RCC6675_pfa_nhs_20250314_hs_s03,rcc6675_pfa_nhs_20250314_hs_03
RCC6675_pfa_tub_20250314_hs_s03,rcc6675_pfa_tub_20250314_hs_03
RCC6675_pfa_cetn_20250314_hs_s04,rcc6675_pfa_cetn_20250314_hs_04
RCC6675_pfa_dna_20250314_hs_s04,rcc6675_pfa_dna_20250314_hs_04
RCC6675_pfa_nhs_20250314_hs_s04,rcc6675_pfa_nhs_20250314_hs_04
RCC6675_pfa_tub_20250314_hs_s04,rcc6675_pfa_tub_20250314_hs_04
RCC6675_pl_cetn_20250318_hs_s01,rcc6675_pl_cetn_20250318_hs_01
RCC6675_pl_dna_20250318_hs_s01,rcc6675_pl_dna_20250318_hs_01
RCC6675_pl_nhs_20250318_hs_s01,rcc6675_pl_nhs_20250318_hs_01
RCC6675_pl_tub_20250318_hs_s01,rcc6675_pl_tub_20250318_hs_01
RCC6675_pl_cetn_20250318_hs_s02,rcc6675_pl_cetn_20250318_hs_02
RCC6675_pl_dna_20250318_hs_s02,rcc6675_pl_dna_20250318_hs_02
RCC6675_pl_nhs_20250318_hs_s02,rcc6675_pl_nhs_20250318_hs_02
RCC6675_pl_tub_20250318_hs_s02,rcc6675_pl_tub_20250318_hs_02
RCC6675_pl_cetn_20250318_hs_s03,rcc6675_pl_cetn_20250318_hs_03
RCC6675_pl_dna_20250318_hs_s03,rcc6675_pl_dna_20250318_hs_03
RCC6675_pl_nhs_20250318_hs_s03,rcc6675_pl_nhs_20250318_hs_03
RCC6675_pl_tub_20250318_hs_s03,rcc6675_pl_tub_20250318_hs_03
RCC6675_pl_cetn_20250318_hs_s04,rcc6675_pl_cetn_20250318_hs_04
RCC6675_pl_dna_20250318_hs_s04,rcc6675_pl_dna_20250318_hs_04
RCC6675_pl_nhs_20250318_hs_s04,rcc6675_pl_nhs_20250318_hs_04
RCC6675_pl_tub_20250318_hs_s04,rcc6675_pl_tub_20250318_hs_04
RCC6675_pl_cetn_20250318_hs_s05,rcc6675_pl_cetn_20250318_hs_05
RCC6675_pl_dna_20250318_hs_s05,rcc6675_pl_dna_20250318_hs_05
RCC6675_pl_nhs_20250318_hs_s05,rcc6675_pl_nhs_20250318_hs_05
RCC6675_pl_tub_20250318_hs_s05,rcc6675_pl_tub_20250318_hs_05
RCC6675_pl_cetn_20250318_hs_s06,rcc6675_pl_cetn_20250318_hs_06
RCC6675_pl_dna_20250318_hs_s06,rcc6675_pl_dna_20250318_hs_06
RCC6675_pl_nhs_20250318_hs_s06,rcc6675_pl_nhs_20250318_hs_06
RCC6675_pl_tub_20250318_hs_s06,rcc6675_pl_tub_20250318_hs_06
RCC6675_pl_cetn_20250318_hs_s07,rcc6675_pl_cetn_20250318_hs_07
RCC6675_pl_dna_20250318_hs_s07,rcc6675_pl_dna_20250318_hs_07
RCC6675_pl_nhs_20250318_hs_s07,rcc6675_pl_nhs_20250318_hs_07
RCC6675_pl_tub_20250318_hs_s07,rcc6675_pl_tub_20250318_hs_07
RCC6675_pl_cetn_20250318_hs_s08,rcc6675_pl_cetn_20250318_hs_08
RCC6675_pl_dna_20250318_hs_s08,rcc6675_pl_dna_20250318_hs_08
RCC6675_pl_nhs_20250318_hs_s08,rcc6675_pl_nhs_20250318_hs_08
RCC6675_pl_tub_20250318_hs_s08,rcc6675_pl_tub_20250318_hs_08
RCC6675_pl_cetn_20250318_hs_s09,rcc6675_pl_cetn_20250318_hs_09
RCC6675_pl_dna_20250318_hs_s09,rcc6675_pl_dna_20250318_hs_09
RCC6675_pl_nhs_20250318_hs_s09,rcc6675_pl_nhs_20250318_hs_09
RCC6675_pl_tub_20250318_hs_s09,rcc6675_pl_tub_20250318_hs_09
RCC6675_pl_cetn_20250318_hs_s10,rcc6675_pl_cetn_20250318_hs_10
RCC6675_pl_dna_20250318_hs_s10,rcc6675_pl_dna_20250318_hs_10
RCC6675_pl_nhs_20250318_hs_s10,rcc6675_pl_nhs_20250318_hs_10
RCC6675_pl_tub_20250318_hs_s10,rcc6675_pl_tub_20250318_hs_10
RCC6675_pl_cetn_20250318_hs_s11,rcc6675_pl_cetn_20250318_hs_11
RCC6675_pl_dna_20250318_hs_s11,rcc6675_pl_dna_20250318_hs_11
RCC6675_pl_nhs_20250318_hs_s11,rcc6675_pl_nhs_20250318_hs_11
RCC6675_pl_tub_20250318_hs_s11,rcc6675_pl_tub_20250318_hs_11
RCC6675_pl_cetn_20250318_hs_s12,rcc6675_pl_cetn_20250318_hs_12
RCC6675_pl_dna_20250318_hs_s12,rcc6675_pl_dna_20250318_hs_12
RCC6675_pl_nhs_20250318_hs_s12,rcc6675_pl_nhs_20250318_hs_12
RCC6675_pl_tub_20250318_hs_s12,rcc6675_pl_tub_20250318_hs_12
RCC6675_pl_cetn_20250318_hs_s13,rcc6675_pl_cetn_20250318_hs_13
RCC6675_pl_dna_20250318_hs_s13,rcc6675_pl_dna_20250318_hs_13
RCC6675_pl_nhs_20250318_hs_s13,rcc6675_pl_nhs_20250318_hs_13
RCC6675_pl_tub_20250318_hs_s13,rcc6675_pl_tub_20250318_hs_13
RCC6675_pl_cetn_20250318_hs_s14,rcc6675_pl_cetn_20250318_hs_14
RCC6675_pl_dna_20250318_hs_s14,rcc6675_pl_dna_20250318_hs_14
RCC6675_pl_nhs_20250318_hs_s14,rcc6675_pl_nhs_20250318_hs_14
RCC6675_pl_tub_20250318_hs_s14,rcc6675_pl_tub_20250318_hs_14
RCC6675_pl_cetn_20250318_hs_s16,rcc6675_pl_cetn_20250318_hs_16
RCC6675_pl_dna_20250318_hs_s16,rcc6675_pl_dna_20250318_hs_16
RCC6675_pl_nhs_20250318_hs_s16,rcc6675_pl_nhs_20250318_hs_16
RCC6675_pl_tub_20250318_hs_s16,rcc6675_pl_tub_20250318_hs_16
RCC6675_pl_cetn_20250318_hs_s17,rcc6675_pl_cetn_20250318_hs_17
RCC6675_pl_dna_20250318_hs_s17,rcc6675_pl_dna_20250318_hs_17
RCC6675_pl_nhs_20250318_hs_s17,rcc6675_pl_nhs_20250318_hs_17
RCC6675_pl_tub_20250318_hs_s17,rcc6675_pl_tub_20250318_hs_17
RCC6675_pl_cetn_20250318_hs_s18,rcc6675_pl_cetn_20250318_hs_18
RCC6675_pl_dna_20250318_hs_s18,rcc6675_pl_dna_20250318_hs_18
RCC6675_pl_nhs_20250318_hs_s18,rcc6675_pl_nhs_20250318_hs_18
RCC6675_pl_tub_20250318_hs_s18,rcc6675_pl_tub_20250318_hs_18
RCC6675_pl_cetn_20250318_hs_s19,rcc6675_pl_cetn_20250318_hs_19
RCC6675_pl_dna_20250318_hs_s19,rcc6675_pl_dna_20250318_hs_19
RCC6675_pl_nhs_20250318_hs_s19,rcc6675_pl_nhs_20250318_hs_19
RCC6675_pl_tub_20250318_hs_s19,rcc6675_pl_tub_20250318_hs_19
RCC6675_pl_cetn_20250318_hs_s20,rcc6675_pl_cetn_20250318_hs_20
RCC6675_pl_dna_20250318_hs_s20,rcc6675_pl_dna_20250318_hs_20
RCC6675_pl_nhs_20250318_hs_s20,rcc6675_pl_nhs_20250318_hs_20
RCC6675_pl_tub_20250318_hs_s20,rcc6675_pl_tub_20250318_hs_20
RCC6675_pl_cetn_20250318_hs_s21,rcc6675_pl_cetn_20250318_hs_21
RCC6675_pl_dna_20250318_hs_s21,rcc6675_pl_dna_20250318_hs_21
RCC6675_pl_nhs_20250318_hs_s21,rcc6675_pl_nhs_20250318_hs_21
RCC6675_pl_tub_20250318_hs_s21,rcc6675_pl_tub_20250318_hs_21
RCC6675_pl_cetn_20250318_hs_s22,rcc6675_pl_cetn_20250318_hs_22
RCC6675_pl_dna_20250318_hs_s22,rcc6675_pl_dna_20250318_hs_22
RCC6675_pl_nhs_20250318_hs_s22,rcc6675_pl_nhs_20250318_hs_22
RCC6675_pl_tub_20250318_hs_s22,rcc6675_pl_tub_20250318_hs_22
RCC6675_pl_cetn_20250318_hs_s23,rcc6675_pl_cetn_20250318_hs_23
RCC6675_pl_dna_20250318_hs_s23,rcc6675_pl_dna_20250318_hs_23
RCC6675_pl_nhs_20250318_hs_s23,rcc6675_pl_nhs_20250318_hs_23
RCC6675_pl_tub_20250318_hs_s23,rcc6675_pl_tub_20250318_hs_23
RCC6675_pl_cetn_20250318_hs_s24,rcc6675_pl_cetn_20250318_hs_24
RCC6675_pl_dna_20250318_hs_s24,rcc6675_pl_dna_20250318_hs_24
RCC6675_pl_nhs_20250318_hs_s24,rcc6675_pl_nhs_20250318_hs_24
RCC6675_pl_tub_20250318_hs_s24,rcc6675_pl_tub_20250318_hs_24
RCC6675_pl_cetn_20250318_hs_s25,rcc6675_pl_cetn_20250318_hs_25
RCC6675_pl_dna_20250318_hs_s25,rcc6675_pl_dna_20250318_hs_25
RCC6675_pl_nhs_20250318_hs_s25,rcc6675_pl_nhs_20250318_hs_25
RCC6675_pl_tub_20250318_hs_s25,rcc6675_pl_tub_20250318_hs_25
RCC6716_pfa_cetn_tub_dna_20252103_cl_s01,rcc6716_pfa_cetn-tub-dna_20252103_cl_01
RCC6716_pfa_cetn_tub_dna_20252103_cl_s03,rcc6716_pfa_cetn-tub-dna_20252103_cl_03
RCC6716_pfa_cetn_tub_dna_20252103_cl_s04,rcc6716_pfa_cetn-tub-dna_20252103_cl_04
RCC6716_pfa_cetn_tub_dna_20252103_cl_s05,rcc6716_pfa_cetn-tub-dna_20252103_cl_05
RCC7050_pfa_cetn_tub_dna_20252103_cl_s01,rcc7050_pfa_cetn-tub-dna_20252103_cl_01
RCC7050_pfa_cetn_tub_dna_20252103_cl_s02,rcc7050_pfa_cetn-tub-dna_20252103_cl_02
RCC7050_pfa_cetn_tub_dna_20252103_cl_s03,rcc7050_pfa_cetn-tub-dna_20252103_cl_03
RCC7050_pfa_cetn_tub_dna_20252103_cl_s04,rcc7050_pfa_cetn-tub-dna_20252103_cl_04
RCC7050_pfa_cetn_tub_dna_20252103_cl_s05,rcc7050_pfa_cetn-tub-dna_20252103_cl_05
RCC7050_pfa_cetn_tub_dna_20252103_cl_s06,rcc7050_pfa_cetn-tub-dna_20252103_cl_06
RCCARC3673_pfa_cetn_tub_dna_20252103_cl_s01,rccarc3673_pfa_cetn-tub-dna_20252103_cl_01
RCCARC3673_pfa_cetn_tub_dna_20252103_cl_s02,rccarc3673_pfa_cetn-tub-dna_20252103_cl_02
RCCARC3673_pfa_cetn_tub_dna_20252103_cl_s03,rccarc3673_pfa_cetn-tub-dna_20252103_cl_03
RCCGATIN95_pfa_tub-cetn-dna_20251803_cl_s01,rccgatin95_pfa_tub-cetn-dna_20251803_cl_01
RCCGATIN95_pfa_tub-cetn-dna_20251803_cl_s03,rccgatin95_pfa_tub-cetn-dna_20251803_cl_03
RCCK0961_pfa_tub-cetn-dna_20251803_cl_s01,rcck0961_pfa_tub-cetn-dna_20251803_cl_01
RCCK0961_pfa_tub-cetn-dna_20251803_cl_s02,rcck0961_pfa_tub-cetn-dna_20251803_cl_02
RCCK0961_pfa_tub-cetn-dna_20251803_cl_s03,rcck0961_pfa_tub-cetn-dna_20251803_cl_03
RCCK0961_pfa_tub-cetn-dna_20251803_cl_s04,rcck0961_pfa_tub-cetn-dna_20251803_cl_04
RCCK0961_pfa_tub-cetn-dna_20251803_cl_s05,rcck0961_pfa_tub-cetn-dna_20251803_cl_05
RCCP22-60_pfa_cetn_nhs_dna_tub_20252103_cl_s01,rccp22-60_pfa_cetn-nhs-dna-tub_20252103_cl_01
RCCP22-60_pfa_cetn_nhs_dna_tub_20252103_cl_s02,rccp22-60_pfa_cetn-nhs-dna-tub_20252103_cl_02
RCCP22-60_pfa_cetn_nhs_dna_tub_20252103_cl_s03,rccp22-60_pfa_cetn-nhs-dna-tub_20252103_cl_03
RCCP22KU_pfa_dna-tub-cetn_20251803_cl_s01,rccp22ku_pfa_dna-tub-cetn_20251803_cl_01
RCCP22KU_pfa_dna-tub-cetn_20251803_cl_s02,rccp22ku_pfa_dna-tub-cetn_20251803_cl_02
RCCP22KU_pfa_dna-tub-cetn_20251803_cl_s03,rccp22ku_pfa_dna-tub-cetn_20251803_cl_03
RCCPRETK1_pfa_cetn_nhs_dna_tub_20252103_cl_s01,rccpretk1_pfa_cetn-nhs-dna-tub_20252103_cl_01
RCCPRETK1_pfa_cetn_nhs_dna_tub_20252103_cl_s02,rccpretk1_pfa_cetn-nhs-dna-tub_20252103_cl_02
RCCPRETK1_pfa_cetn_nhs_dna_tub_20252103_cl_s03,rccpretk1_pfa_cetn-nhs-dna-tub_20252103_cl_03
RCCPRETK1_pfa_cetn_nhs_dna_tub_20252103_cl_s04,rccpretk1_pfa_cetn-nhs-dna-tub_20252103_cl_04
Tokyo_HD_tub_bodipy_10x_01,tokyo_pfa_bod-tub-dna_20230915_fm_01
rcc_6327_pfa_hs_Azo49_03,rcc6327_pfa_azo49_20240829_hs_03
rcc_6327_pfa_hs_tub_03,rcc6327_pfa_tub_20240829_hs_03
rcc_6327_pfa_hs_Azo49_04,rcc6327_pfa_azo49_20240829_hs_04
rcc_6327_pfa_hs_tub_04,rcc6327_pfa_tub_20240829_hs_04
rcc_6327_pfa_hs_Azo49_05,rcc6327_pfa_azo49_20240829_hs_05
rcc_6327_pfa_hs_tub_05,rcc6327_pfa_tub_20240829_hs_05
rcc_6327_pfa_hs_Azo49_06,rcc6327_pfa_azo49_20240829_hs_06
rcc_6327_pfa_hs_tub_06,rcc6327_pfa_tub_20240829_hs_06
rcc_6327_pfa_hs_Azo49_07,rcc6327_pfa_azo49_20240829_hs_07
rcc_6327_pfa_hs_tub_07,rcc6327_pfa_tub_20240829_hs_07
rcc_6327_pfa_hs_Azo49_08,rcc6327_pfa_azo49_20240829_hs_08
rcc_6327_pfa_hs_tub_08,rcc6327_pfa_tub_20240829_hs_08
rcc_6327_pfa_hs_glypep1_00,rcc6327_pfa_glypep1_20240829_hs_00
rcc_6327_pfa_hs_tub_00,rcc6327_pfa_tub_20240829_hs_00
rcc_6327_pfa_hs_glypep1_01,rcc6327_pfa_glypep1_20240829_hs_01
rcc_6327_pfa_hs_tub_01,rcc6327_pfa_tub_20240829_hs_01
rcc_6327_pfa_hs_glypep1_02,rcc6327_pfa_glypep1_20240829_hs_02
rcc_6327_pfa_hs_tub_02,rcc6327_pfa_tub_20240829_hs_02
rcc_6343_pfa_hs_azo49_06,rcc6343_pfa_azo49_20240829_hs_06
rcc_6343_pfa_hs_tub_06,rcc6343_pfa_tub_20240829_hs_06
rcc_6343_pfa_hs_azo49_07,rcc6343_pfa_azo49_20240829_hs_07
rcc_6343_pfa_hs_tub_07,rcc6343_pfa_tub_20240829_hs_07
rcc_6343_pfa_hs_azo49_08,rcc6343_pfa_azo49_20240829_hs_08
rcc_6343_pfa_hs_tub_08,rcc6343_pfa_tub_20240829_hs_08
rcc_6343_pfa_hs_azo49_09,rcc6343_pfa_azo49_20240829_hs_09
rcc_6343_pfa_hs_tub_09,rcc6343_pfa_tub_20240829_hs_09
rcc_6343_pfa_hs_azo49_10,rcc6343_pfa_azo49_20240829_hs_10
rcc_6343_pfa_hs_tub_10,rcc6343_pfa_tub_20240829_hs_10
rcc_6343_pfa_hs_glypep1_00,rcc6343_pfa_glypep1_20240829_hs_00
rcc_6343_pfa_hs_tub_00,rcc6343_pfa_tub_20240829_hs_00
rcc_6343_pfa_hs_glypep1_01,rcc6343_pfa_glypep1_20240829_hs_01
rcc_6343_pfa_hs_tub_01,rcc6343_pfa_tub_20240829_hs_01
rcc_6343_pfa_hs_glypep1_02,rcc6343_pfa_glypep1_20240829_hs_02
rcc_6343_pfa_hs_tub_02,rcc6343_pfa_tub_20240829_hs_02
rcc_6343_pfa_hs_glypep1_03,rcc6343_pfa_glypep1_20240829_hs_03
rcc_6343_pfa_hs_tub_03,rcc6343_pfa_tub_20240829_hs_03
rcc_6343_pfa_hs_glypep1_04,rcc6343_pfa_glypep1_20240829_hs_04
rcc_6343_pfa_hs_tub_04,rcc6343_pfa_tub_20240829_hs_04
rcc_6343_pfa_hs_glypep1_05,rcc6343_pfa_glypep1_20240829_hs_05
rcc_6343_pfa_hs_tub_05,rcc6343_pfa_tub_20240829_hs_05
rcc_p15-107_pfa_hs_bod_01,rcc10642_pfa_bod_20240912_hs_01
rcc_p15-107_pfa_hs_dna_01,rcc10642_pfa_dna_20240912_hs_01
rcc_p15-107_pfa_hs_nhs_01,rcc10642_pfa_nhs_20240912_hs_01
rcc_p15-107_pfa_hs_tub_01,rcc10642_pfa_tub_20240912_hs_01
rcc_p15-107_pfa_hs_bod_02,rcc10642_pfa_bod_20240912_hs_02
rcc_p15-107_pfa_hs_dna_02,rcc10642_pfa_dna_20240912_hs_02
rcc_p15-107_pfa_hs_nhs_02,rcc10642_pfa_nhs_20240912_hs_02
rcc_p15-107_pfa_hs_tub_02,rcc10642_pfa_tub_20240912_hs_02
rcc_p15-107_pfa_hs_bod_03,rcc10642_pfa_bod_20240912_hs_03
rcc_p15-107_pfa_hs_dna_03,rcc10642_pfa_dna_20240912_hs_03
rcc_p15-107_pfa_hs_nhs_03,rcc10642_pfa_nhs_20240912_hs_03
rcc_p15-107_pfa_hs_tub_03,rcc10642_pfa_tub_20240912_hs_03
rcc_p15-107_pfa_hs_bod_04,rcc10642_pfa_bod_20240912_hs_04
rcc_p15-107_pfa_hs_dna_04,rcc10642_pfa_dna_20240912_hs_04
rcc_p15-107_pfa_hs_nhs_04,rcc10642_pfa_nhs_20240912_hs_04
rcc_p15-107_pfa_hs_tub_04,rcc10642_pfa_tub_20240912_hs_04
rcc_p15-107_pfa_hs_bod_05,rcc10642_pfa_bod_20240912_hs_05
rcc_p15-107_pfa_hs_dna_05,rcc10642_pfa_dna_20240912_hs_05
rcc_p15-107_pfa_hs_nhs_05,rcc10642_pfa_nhs_20240912_hs_05
rcc_p15-107_pfa_hs_tub_05,rcc10642_pfa_tub_20240912_hs_05
rcc_p15-107_pfa_hs_bod_06,rcc10642_pfa_bod_20240912_hs_06
rcc_p15-107_pfa_hs_dna_06,rcc10642_pfa_dna_20240912_hs_06
rcc_p15-107_pfa_hs_nhs_06,rcc10642_pfa_nhs_20240912_hs_06
rcc_p15-107_pfa_hs_tub_06,rcc10642_pfa_tub_20240912_hs_06
rcc_p15-107_pfa_hs_bod_07,rcc10642_pfa_bod_20240912_hs_07
rcc_p15-107_pfa_hs_dna_07,rcc10642_pfa_dna_20240912_hs_07
rcc_p15-107_pfa_hs_nhs_07,rcc10642_pfa_nhs_20240912_hs_07
rcc_p15-107_pfa_hs_tub_07,rcc10642_pfa_tub_20240912_hs_07
rcc_p15-107_pfa_hs_bod_08,rcc10642_pfa_bod_20240912_hs_08
rcc_p15-107_pfa_hs_dna_08,rcc10642_pfa_dna_20240912_hs_08
rcc_p15-107_pfa_hs_nhs_08,rcc10642_pfa_nhs_20240912_hs_08
rcc_p15-107_pfa_hs_tub_08,rcc10642_pfa_tub_20240912_hs_08
rcc_p15-107_pfa_hs_bod_09,rcc10642_pfa_bod_20240912_hs_09
rcc_p15-107_pfa_hs_dna_09,rcc10642_pfa_dna_20240912_hs_09
rcc_p15-107_pfa_hs_nhs_09,rcc10642_pfa_nhs_20240912_hs_09
rcc_p15-107_pfa_hs_tub_09,rcc10642_pfa_tub_20240912_hs_09
rcc_p15-107_pfa_hs_bod_10,rcc10642_pfa_bod_20240912_hs_10
rcc_p15-107_pfa_hs_dna_10,rcc10642_pfa_dna_20240912_hs_10
rcc_p15-107_pfa_hs_nhs_10,rcc10642_pfa_nhs_20240912_hs_10
rcc_p15-107_pfa_hs_tub_10,rcc10642_pfa_tub_20240912_hs_10
rcc_p15-107_pfa_hs_bod_11,rcc10642_pfa_bod_20240912_hs_11
rcc_p15-107_pfa_hs_dna_11,rcc10642_pfa_dna_20240912_hs_11
rcc_p15-107_pfa_hs_nhs_11,rcc10642_pfa_nhs_20240912_hs_11
rcc_p15-107_pfa_hs_tub_11,rcc10642_pfa_tub_20240912_hs_11
rcc_p15-107_pfa_hs_bod_12,rcc10642_pfa_bod_20240912_hs_12
rcc_p15-107_pfa_hs_dna_12,rcc10642_pfa_dna_20240912_hs_12
rcc_p15-107_pfa_hs_nhs_12,rcc10642_pfa_nhs_20240912_hs_12
rcc_p15-107_pfa_hs_tub_12,rcc10642_pfa_tub_20240912_hs_12
rcc_p15-107_pfa_hs_bod_13,rcc10642_pfa_bod_20240912_hs_13
rcc_p15-107_pfa_hs_dna_13,rcc10642_pfa_dna_20240912_hs_13
rcc_p15-107_pfa_hs_nhs_13,rcc10642_pfa_nhs_20240912_hs_13
rcc_p15-107_pfa_hs_tub_13,rcc10642_pfa_tub_20240912_hs_13
rcc_p15-107_pfa_hs_bod_14,rcc10642_pfa_bod_20240912_hs_14
rcc_p15-107_pfa_hs_dna_14,rcc10642_pfa_dna_20240912_hs_14
rcc_p15-107_pfa_hs_nhs_14,rcc10642_pfa_nhs_20240912_hs_14
rcc_p15-107_pfa_hs_tub_14,rcc10642_pfa_tub_20240912_hs_14
rcc_p15-107_pfa_hs_bod_15,rcc10642_pfa_bod_20240912_hs_15
rcc_p15-107_pfa_hs_dna_15,rcc10642_pfa_dna_20240912_hs_15
rcc_p15-107_pfa_hs_nhs_15,rcc10642_pfa_nhs_20240912_hs_15
rcc_p15-107_pfa_hs_tub_15,rcc10642_pfa_tub_20240912_hs_15
rcc_p22-120_pfa_hs_dna_TubA1monoE_tub_nhs_00,rcc10719_pfa_dna-tuba1monoe-tub-nhs_20230830_hs_00
rcc_p22-120_pfa_hs_dna_TubA1monoE_tub_nhs_01,rcc10719_pfa_dna-tuba1monoe-tub-nhs_20230830_hs_01
rcc_p22-120_pfa_hs_dna_TubA1monoE_tub_nhs_02,rcc10719_pfa_dna-tuba1monoe-tub-nhs_20230830_hs_02
rcc_p22-120_pfa_hs_dna_TubA1monoE_tub_nhs_03,rcc10719_pfa_dna-tuba1monoe-tub-nhs_20230830_hs_03
rcc_p22-120_pfa_hs_dna_TubA1monoE_tub_nhs_04,rcc10719_pfa_dna-tuba1monoe-tub-nhs_20230830_hs_04
rcc_p22-120_pfa_hs_dna_glypep1_tub_nhs_00,rcc10719_pfa_dna-glypep1-tub-nhs_20230830_hs_00
rcc_p22-120_pfa_hs_dna_glypep1_tub_nhs_01,rcc10719_pfa_dna-glypep1-tub-nhs_20230830_hs_01
rcc_p22-120_pfa_hs_dna_glypep1_tub_nhs_02,rcc10719_pfa_dna-glypep1-tub-nhs_20230830_hs_02
rcc_p22-120_pfa_hs_dna_glypep1_tub_nhs_03,rcc10719_pfa_dna-glypep1-tub-nhs_20230830_hs_03
rcc_p22-120_pfa_hs_dna_glypep1_tub_nhs_04,rcc10719_pfa_dna-glypep1-tub-nhs_20230830_hs_04
rcc_p22-120_pfa_hs_dna_glypep1_tub_nhs_05,rcc10719_pfa_dna-glypep1-tub-nhs_20230830_hs_05
rcc_p22-120_pfa_hs_dna_glypep1_tub_nhs_06,rcc10719_pfa_dna-glypep1-tub-nhs_20230830_hs_06
rcc_p22-120_pfa_hs_dna_glypep1_tub_nhs_07,rcc10719_pfa_dna-glypep1-tub-nhs_20230830_hs_07
rcc_p22-120_pfa_hs_dna_glypep1_tub_nhs_08,rcc10719_pfa_dna-glypep1-tub-nhs_20230830_hs_08
rcc_p22-120_pfa_hs_nhs_Delta2tub_tub_00,rcc10719_pfa_delta2tub-tub-nhs_20230905_hs_00
rcc_p22-120_pfa_hs_nhs_Delta2tub_tub_01,rcc10719_pfa_delta2tub-tub-nhs_20230905_hs_01
rcc_p22-120_pfa_hs_nhs_Delta2tub_tub_02,rcc10719_pfa_delta2tub-tub-nhs_20230905_hs_02
rcc_p22-120_pfa_hs_nhs_Delta2tub_tub_03,rcc10719_pfa_delta2tub-tub-nhs_20230905_hs_03
rcc_p22-120_pfa_hs_nhs_Delta2tub_tub_04,rcc10719_pfa_delta2tub-tub-nhs_20230905_hs_04
rcc_p22-120_pfa_hs_nhs_axo49_tub_00,rcc10719_pfa_azo49-tub-nhs_20230905_hs_00
rcc_p22-120_pfa_hs_nhs_axo49_tub_01,rcc10719_pfa_azo49-tub-nhs_20230905_hs_01
rcc_p22-120_pfa_hs_nhs_axo49_tub_02,rcc10719_pfa_azo49-tub-nhs_20230905_hs_02
rcc_p22-120_pfa_hs_nhs_axo49_tub_03,rcc10719_pfa_azo49-tub-nhs_20230905_hs_03
rcc_p22-120_pfa_hs_nhs_axo49_tub_04,rcc10719_pfa_azo49-tub-nhs_20230905_hs_04
rcc_p22-120_pfa_hs_nhs_cetn_tub_00,rcc10719_pfa_tub-cetn-nhs_20230830_hs_00
rcc_p22-120_pfa_hs_nhs_cetn_tub_01,rcc10719_pfa_tub-cetn-nhs_20230830_hs_01
rcc_p22-120_pfa_hs_nhs_cetn_tub_02,rcc10719_pfa_tub-cetn-nhs_20230830_hs_02
rcc_p22-120_pfa_hs_nhs_gt335_tub_00,rcc10719_pfa_gt335-tub-nhs_20230901_hs_00
rcc_p22-120_pfa_hs_nhs_gt335_tub_01,rcc10719_pfa_gt335-tub-nhs_20230901_hs_01
rcc_p22-120_pfa_hs_nhs_gt335_tub_02,rcc10719_pfa_gt335-tub-nhs_20230901_hs_02
rcc_p22-120_pfa_hs_nhs_polyE_tub_00,rcc10719_pfa_polye-tub-nhs_20230905_hs_00
rcc_p22-120_pfa_hs_nhs_polyE_tub_01,rcc10719_pfa_polye-tub-nhs_20230905_hs_01
rcc_p22-120_pfa_hs_nhs_polyE_tub_02,rcc10719_pfa_polye-tub-nhs_20230905_hs_02
rcc_p22-120_pfa_hs_nhs_polyE_tub_03,rcc10719_pfa_polye-tub-nhs_20230905_hs_03
rcc_p22-120_pfa_hs_nhs_polyE_tub_04,rcc10719_pfa_polye-tub-nhs_20230905_hs_04
rcc_p22-120_pfa_hs_nhs_tap952_tub_00,rcc10719_pfa_tap952-tub-nhs_20230901_hs_00
rcc_p22-120_pfa_hs_nhs_tap952_tub_01,rcc10719_pfa_tap952-tub-nhs_20230901_hs_01
rcc_p22-120_pfa_hs_nhs_tap952_tub_02,rcc10719_pfa_tap952-tub-nhs_20230901_hs_02
rcc_p22-120_pfa_hs_nhs_tap952_tub_03,rcc10719_pfa_tap952-tub-nhs_20230901_hs_03
rcc_p22-120_pfa_hs_nhs_tap952_tub_04,rcc10719_pfa_tap952-tub-nhs_20230901_hs_04
vf21108_pfa_dna-tub-cetn_20251803_cl_s04,vf21108_pfa_dna-tub-cetn_20251803_cl_04
vf21108_pfa_tub-cetn-dna_20251803_cl_s01,vf21108_pfa_tub-cetn-dna_20251803_cl_01
vf21108_pfa_tub-cetn-dna_20251803_cl_s02,vf21108_pfa_tub-cetn-dna_20251803_cl_02
vf21108_pfa_tub-cetn_20251803_cl_s03,vf21108_pfa_tub-cetn_20251803_cl_03
vf21108_pfa_tub-cetn_20251803_cl_s05,vf21108_pfa_tub-cetn_20251803_cl_05
