bmcc124_pfa_dna-tub-cetn_20231201_cl_s00,bmcc124_pfa_dna-tub-cetn_20231201_cl_s00
bmcc124_pfa_dna-tub-cetn_20231201_cl_s01,bmcc124_pfa_dna-tub-cetn_20231201_cl_s00_deconv
bmcc124_pfa_dna-tub-cetn_20231201_cl_s02,bmcc124_pfa_dna-tub-cetn_20231201_cl_s01
bmcc124_pfa_dna-tub-cetn_20231201_cl_s03,bmcc124_pfa_dna-tub-cetn_20231201_cl_s01_deconv
bmcc124_pfa_dna-tub-cetn_20231201_cl_s04,bmcc124_pfa_dna-tub-cetn_20231201_cl_s02
bmcc124_pfa_dna-tub-cetn_20231201_cl_s05,bmcc124_pfa_dna-tub-cetn_20231201_cl_s02_deconv
bmcc124_pfa_dna-tub-cetn_20231201_cl_s06,bmcc124_pfa_dna-tub-cetn_20231201_cl_s03
bmcc124_pfa_dna-tub-cetn_20231201_cl_s07,bmcc124_pfa_dna-tub-cetn_20231201_cl_s03_deconv
bmcc124_pfa_dna-tub-cetn_20231201_cl_s08,bmcc124_pfa_dna-tub-cetn_20231201_cl_s04
bmcc124_pfa_dna-tub-cetn_20231201_cl_s09,bmcc124_pfa_dna-tub-cetn_20231201_cl_s04_deconv
bmcc124_pfa_dna-tub-cetn_20231201_cl_s10,bmcc124_pfa_dna-tub-cetn_20231201_cl_s05
bmcc124_pfa_dna-tub-cetn_20231201_cl_s11,bmcc124_pfa_dna-tub-cetn_20231201_cl_s05_deconv
bmcc124_pfa_dna-tub-cetn_20231201_cl_s12,bmcc124_pfa_dna-tub-cetn_20231201_cl_s06
bmcc124_pfa_dna-tub-cetn_20231201_cl_s13,bmcc124_pfa_dna-tub-cetn_20231201_cl_s06_deconv
bmcc124_pfa_dna-tub-cetn_20231201_cl_s14,bmcc124_pfa_dna-tub-cetn_20231201_cl_s07
bmcc124_pfa_dna-tub-cetn_20231201_cl_s15,bmcc124_pfa_dna-tub-cetn_20231201_cl_s07_deconv
bmcc124_pfa_dna-tub-cetn_20231201_cl_s16,bmcc124_pfa_dna-tub-cetn_20231201_cl_s08
bmcc124_pfa_dna-tub-cetn_20231201_cl_s17,bmcc124_pfa_dna-tub-cetn_20231201_cl_s08_deconv
bmcc127_pfa_dna-tub-cetn_20231201_cl_s00,bmcc127_pfa_dna-tub-cetn_20231201_cl_s00
bmcc127_pfa_dna-tub-cetn_20231201_cl_s01,bmcc127_pfa_dna-tub-cetn_20231201_cl_s00_deconv
bmcc127_pfa_dna-tub-cetn_20231201_cl_s02,bmcc127_pfa_dna-tub-cetn_20231201_cl_s00_deconv_align
bmcc127_pfa_dna-tub-cetn_20231201_cl_s03,bmcc127_pfa_dna-tub-cetn_20231201_cl_s01
bmcc127_pfa_dna-tub-cetn_20231201_cl_s04,bmcc127_pfa_dna-tub-cetn_20231201_cl_s01_deconv
bmcc127_pfa_dna-tub-cetn_20231201_cl_s05,bmcc127_pfa_dna-tub-cetn_20231201_cl_s02
bmcc127_pfa_dna-tub-cetn_20231201_cl_s06,bmcc127_pfa_dna-tub-cetn_20231201_cl_s02_deconv
bmcc127_pfa_dna-tub-cetn_20231201_cl_s07,bmcc127_pfa_dna-tub-cetn_20231201_cl_s03
bmcc127_pfa_dna-tub-cetn_20231201_cl_s08,bmcc127_pfa_dna-tub-cetn_20231201_cl_s03_deconv
bmcc129_pfa_dna-tub-cetn_20231201_cl_s00,bmcc129_pfa_dna-tub-cetn_20231201_cl_s00
bmcc129_pfa_dna-tub-cetn_20231201_cl_s01,bmcc129_pfa_dna-tub-cetn_20231201_cl_s00_deconv
bmcc129_pfa_dna-tub-cetn_20231201_cl_s02,bmcc129_pfa_dna-tub-cetn_20231201_cl_s01
bmcc129_pfa_dna-tub-cetn_20231201_cl_s03,bmcc129_pfa_dna-tub-cetn_20231201_cl_s01_deconv
bmcc129_pfa_dna-tub-cetn_20231201_cl_s04,bmcc129_pfa_dna-tub-cetn_20231201_cl_s02
bmcc129_pfa_dna-tub-cetn_20231201_cl_s05,bmcc129_pfa_dna-tub-cetn_20231201_cl_s02_deconv
bmcc129_pfa_dna-tub-cetn_20231201_cl_s06,bmcc129_pfa_dna-tub-cetn_20231201_cl_s03
bmcc129_pfa_dna-tub-cetn_20231201_cl_s07,bmcc129_pfa_dna-tub-cetn_20231201_cl_s03_deconv
bmcc129_pfa_dna-tub-cetn_20231201_cl_s08,bmcc129_pfa_dna-tub-cetn_20231201_cl_s04
bmcc129_pfa_dna-tub-cetn_20231201_cl_s09,bmcc129_pfa_dna-tub-cetn_20231201_cl_s04_deconv
bmcc129_pfa_dna-tub-cetn_20231201_cl_s10,bmcc129_pfa_dna-tub-cetn_20231201_cl_s05
bmcc129_pfa_dna-tub-cetn_20231201_cl_s11,bmcc129_pfa_dna-tub-cetn_20231201_cl_s05_deconv
bmcc129_pfa_dna-tub-cetn_20231201_cl_s12,bmcc129_pfa_dna-tub-cetn_20231201_cl_s06
bmcc129_pfa_dna-tub-cetn_20231201_cl_s13,bmcc129_pfa_dna-tub-cetn_20231201_cl_s06_deconv
bmcc147_pfa_dna-tub-cetn_20231201_cl_s00,bmcc147_pfa_dna-tub-cetn_20231201_cl_s00
bmcc147_pfa_dna-tub-cetn_20231201_cl_s01,bmcc147_pfa_dna-tub-cetn_20231201_cl_s00_deconv
bmcc147_pfa_dna-tub-cetn_20231201_cl_s02,bmcc147_pfa_dna-tub-cetn_20231201_cl_s01
bmcc147_pfa_dna-tub-cetn_20231201_cl_s03,bmcc147_pfa_dna-tub-cetn_20231201_cl_s01_deconv
bmcc147_pfa_dna-tub-cetn_20231201_cl_s04,bmcc147_pfa_dna-tub-cetn_20231201_cl_s02
bmcc147_pfa_dna-tub-cetn_20231201_cl_s05,bmcc147_pfa_dna-tub-cetn_20231201_cl_s02_deconv
bmcc147_pfa_dna-tub-cetn_20231201_cl_s06,bmcc147_pfa_dna-tub-cetn_20231201_cl_s03
bmcc147_pfa_dna-tub-cetn_20231201_cl_s07,bmcc147_pfa_dna-tub-cetn_20231201_cl_s03_deconv
bmcc147_pfa_dna-tub-cetn_20231201_cl_s08,bmcc147_pfa_dna-tub-cetn_20231201_cl_s04
bmcc147_pfa_dna-tub-cetn_20231201_cl_s09,bmcc147_pfa_dna-tub-cetn_20231201_cl_s04_deconv
bmcc21_pfa_dna-tub-cetn-nhs_20240425_cl_s00,bmcc21_pfa_dna-tub-cetn-nhs_20240425_cl_s00
bmcc21_pfa_dna-tub-cetn-nhs_20240425_cl_s01,bmcc21_pfa_dna-tub-cetn-nhs_20240425_cl_s00_deconv
bmcc21_pfa_dna-tub-cetn-nhs_20240425_cl_s02,bmcc21_pfa_dna-tub-cetn-nhs_20240425_cl_s01
bmcc21_pfa_dna-tub-cetn-nhs_20240425_cl_s03,bmcc21_pfa_dna-tub-cetn-nhs_20240425_cl_s01_deconv
bmcc21_pfa_dna-tub-cetn-nhs_20240425_cl_s04,bmcc21_pfa_dna-tub-cetn-nhs_20240425_cl_s02
bmcc21_pfa_dna-tub-cetn-nhs_20240425_cl_s05,bmcc21_pfa_dna-tub-cetn-nhs_20240425_cl_s02_deconv
bmcc21_pfa_dna-tub-cetn-nhs_20240425_cl_s06,bmcc21_pfa_dna-tub-cetn-nhs_20240425_cl_s03
bmcc21_pfa_dna-tub-cetn-nhs_20240425_cl_s07,bmcc21_pfa_dna-tub-cetn-nhs_20240425_cl_s03_deconv
bmcc21_pfa_dna-tub-cetn-nhs_20240425_cl_s08,bmcc21_pfa_dna-tub-cetn-nhs_20240425_cl_s04
bmcc21_pfa_dna-tub-cetn-nhs_20240425_cl_s09,bmcc21_pfa_dna-tub-cetn-nhs_20240425_cl_s04_deconv
bmcc21_pfa_dna-tub-cetn-nhs_20240425_cl_s10,bmcc21_pfa_dna-tub-cetn-nhs_20240425_cl_s05
bmcc21_pfa_dna-tub-cetn-nhs_20240425_cl_s11,bmcc21_pfa_dna-tub-cetn-nhs_20240425_cl_s05_deconv
bmcc21_pfa_dna-tub-cetn-nhs_20240425_cl_s12,bmcc21_pfa_dna-tub-cetn-nhs_20240425_cl_s06
bmcc21_pfa_dna-tub-cetn-nhs_20240425_cl_s13,bmcc21_pfa_dna-tub-cetn-nhs_20240425_cl_s06_deconv
bmcc469_pfa_dna-tub-cetn_20240111_cl_s00,bmcc469_pfa_dna-tub-cetn_20240111_cl_s00
bmcc469_pfa_dna-tub-cetn_20240111_cl_s01,bmcc469_pfa_dna-tub-cetn_20240111_cl_s00_deconv
bmcc469_pfa_dna-tub-cetn_20240111_cl_s02,bmcc469_pfa_dna-tub-cetn_20240111_cl_s01
bmcc469_pfa_dna-tub-cetn_20240111_cl_s03,bmcc469_pfa_dna-tub-cetn_20240111_cl_s01_deconv
bmcc469_pfa_dna-tub-cetn_20240111_cl_s04,bmcc469_pfa_dna-tub-cetn_20240111_cl_s02
bmcc469_pfa_dna-tub-cetn_20240111_cl_s05,bmcc469_pfa_dna-tub-cetn_20240111_cl_s02_deconv
bmcc469_pfa_dna-tub-cetn_20240111_cl_s06,bmcc469_pfa_dna-tub-cetn_20240111_cl_s03
bmcc469_pfa_dna-tub-cetn_20240111_cl_s07,bmcc469_pfa_dna-tub-cetn_20240111_cl_s03_deconv
bmcc469_pfa_dna-tub-cetn_20240111_cl_s08,bmcc469_pfa_dna-tub-cetn_20240111_cl_s04
bmcc469_pfa_dna-tub-cetn_20240111_cl_s09,bmcc469_pfa_dna-tub-cetn_20240111_cl_s04_deconv
bmcc472_pfa_dna-tub-cetn_20240115_cl_s00,bmcc472_pfa_dna-tub-cetn_20240115_cl_s00
bmcc472_pfa_dna-tub-cetn_20240115_cl_s01,bmcc472_pfa_dna-tub-cetn_20240115_cl_s00_deconv
bmcc472_pfa_dna-tub-cetn_20240115_cl_s02,bmcc472_pfa_dna-tub-cetn_20240115_cl_s00_deconv_align
bmcc472_pfa_dna-tub-cetn_20240115_cl_s03,bmcc472_pfa_dna-tub-cetn_20240115_cl_s01
bmcc472_pfa_dna-tub-cetn_20240115_cl_s04,bmcc472_pfa_dna-tub-cetn_20240115_cl_s01_deconv
bmcc472_pfa_dna-tub-cetn_20240115_cl_s05,bmcc472_pfa_dna-tub-cetn_20240115_cl_s02
bmcc472_pfa_dna-tub-cetn_20240115_cl_s06,bmcc472_pfa_dna-tub-cetn_20240115_cl_s02_deconv
bmcc472_pfa_dna-tub-cetn_20240115_cl_s07,bmcc472_pfa_dna-tub-cetn_20240115_cl_s03
bmcc472_pfa_dna-tub-cetn_20240115_cl_s08,bmcc472_pfa_dna-tub-cetn_20240115_cl_s03_deconv
bmcc472_pfa_dna-tub-cetn_20240115_cl_s09,bmcc472_pfa_dna-tub-cetn_20240115_cl_s04
bmcc472_pfa_dna-tub-cetn_20240115_cl_s10,bmcc472_pfa_dna-tub-cetn_20240115_cl_s04_deconv
bmcc472_pfa_dna-tub-cetn_20240115_cl_s11,bmcc472_pfa_dna-tub-cetn_20240115_cl_s05
bmcc472_pfa_dna-tub-cetn_20240115_cl_s12,bmcc472_pfa_dna-tub-cetn_20240115_cl_s05_deconv
bmcc472_pfa_dna-tub-cetn_20240115_cl_s13,bmcc472_pfa_dna-tub-cetn_20240115_cl_s06
bmcc472_pfa_dna-tub-cetn_20240115_cl_s14,bmcc472_pfa_dna-tub-cetn_20240115_cl_s06_deconv
bmcc614_pfa_tub-cetn-dna-nhs_20240214_cl_s00,bmcc614_pfa_tub-cetn-dna-nhs_20240214_cl_s00
bmcc614_pfa_tub-cetn-dna-nhs_20240214_cl_s01,bmcc614_pfa_tub-cetn-dna-nhs_20240214_cl_s00_deconv
bmcc614_pfa_tub-cetn-dna-nhs_20240214_cl_s02,bmcc614_pfa_tub-cetn-dna-nhs_20240214_cl_s01
bmcc614_pfa_tub-cetn-dna-nhs_20240214_cl_s03,bmcc614_pfa_tub-cetn-dna-nhs_20240214_cl_s01_deconv
bmcc614_pfa_tub-cetn-dna-nhs_20240214_cl_s04,bmcc614_pfa_tub-cetn-dna-nhs_20240214_cl_s02
bmcc614_pfa_tub-cetn-dna-nhs_20240214_cl_s05,bmcc614_pfa_tub-cetn-dna-nhs_20240214_cl_s02_deconv
bmcc614_pfa_tub-cetn-dna-nhs_20240214_cl_s06,bmcc614_pfa_tub-cetn-dna-nhs_20240214_cl_s03
bmcc614_pfa_tub-cetn-dna-nhs_20240214_cl_s07,bmcc614_pfa_tub-cetn-dna-nhs_20240214_cl_s04
bmcc614_pfa_tub-cetn-dna-nhs_20240214_cl_s08,bmcc614_pfa_tub-cetn-dna-nhs_20240214_cl_s04_deconv
bmcc614_pfa_tub-cetn-dna-nhs_20240214_cl_s09,bmcc614_pfa_tub-cetn-dna-nhs_20240214_cl_s05
bmcc614_pfa_tub-cetn-dna-nhs_20240214_cl_s10,bmcc614_pfa_tub-cetn-dna-nhs_20240214_cl_s06
bmcc614_pfa_tub-cetn-dna-nhs_20240214_cl_s11,bmcc614_pfa_tub-cetn-dna-nhs_20240214_cl_s06_deconv
bmcc614_pfa_tub-cetn-dna-nhs_20240214_cl_s12,bmcc614_pfa_tub-cetn-dna-nhs_20240214_cl_s07
bmcc614_pfa_tub-cetn-dna-nhs_20240214_cl_s13,bmcc614_pfa_tub-cetn-dna-nhs_20240214_cl_s07_deconv
bmcc78_pfa_dna-tub-cetn_20231123_cl_s00,bmcc78_pfa_dna-tub-cetn_20231123_cl_s00
bmcc78_pfa_dna-tub-cetn_20231123_cl_s01,bmcc78_pfa_dna-tub-cetn_20231123_cl_s00_deconv
bmcc78_pfa_dna-tub-cetn_20231123_cl_s02,bmcc78_pfa_dna-tub-cetn_20231123_cl_s01
bmcc78_pfa_dna-tub-cetn_20231123_cl_s03,bmcc78_pfa_dna-tub-cetn_20231123_cl_s01_deconv
bmcc78_pfa_dna-tub-cetn_20231123_cl_s04,bmcc78_pfa_dna-tub-cetn_20231123_cl_s01_deconv_align
bmcc78_pfa_dna-tub-cetn_20231123_cl_s05,bmcc78_pfa_dna-tub-cetn_20231123_cl_s02
bmcc78_pfa_dna-tub-cetn_20231123_cl_s06,bmcc78_pfa_dna-tub-cetn_20231123_cl_s02_deconv
bmcc78_pfa_dna-tub-cetn_20231123_cl_s07,bmcc78_pfa_dna-tub-cetn_20231123_cl_s03
bmcc78_pfa_dna-tub-cetn_20231123_cl_s08,bmcc78_pfa_dna-tub-cetn_20231123_cl_s03_deconv
bmcc80_pfa_dna-tub-cetn_20231123_cl_s00,bmcc80_pfa_dna-tub-cetn_20231123_cl_s00
bmcc80_pfa_dna-tub-cetn_20231123_cl_s01,bmcc80_pfa_dna-tub-cetn_20231123_cl_s00_deconv
bmcc80_pfa_dna-tub-cetn_20231123_cl_s02,bmcc80_pfa_dna-tub-cetn_20231123_cl_s01
bmcc80_pfa_dna-tub-cetn_20231123_cl_s03,bmcc80_pfa_dna-tub-cetn_20231123_cl_s01_deconv
bmcc80_pfa_dna-tub-cetn_20231123_cl_s04,bmcc80_pfa_dna-tub-cetn_20231123_cl_s02
bmcc80_pfa_dna-tub-cetn_20231123_cl_s05,bmcc80_pfa_dna-tub-cetn_20231123_cl_s02_deconv
bmcc80_pfa_dna-tub-cetn_20231123_cl_s06,bmcc80_pfa_dna-tub-cetn_20231123_cl_s03
bmcc80_pfa_dna-tub-cetn_20231123_cl_s07,bmcc80_pfa_dna-tub-cetn_20231123_cl_s03_deconv
rcc10426_pfa_dna-tub-cetn-nhs_20240425_cl_s00,rcc10426_pfa_dna-tub-cetn-nhs_20240425_cl_s00
rcc10426_pfa_dna-tub-cetn-nhs_20240425_cl_s01,rcc10426_pfa_dna-tub-cetn-nhs_20240425_cl_s00_deconv
rcc10426_pfa_dna-tub-cetn-nhs_20240425_cl_s02,rcc10426_pfa_dna-tub-cetn-nhs_20240425_cl_s01
rcc10426_pfa_dna-tub-cetn-nhs_20240425_cl_s03,rcc10426_pfa_dna-tub-cetn-nhs_20240425_cl_s01_deconv
rcc10426_pfa_dna-tub-cetn-nhs_20240425_cl_s04,rcc10426_pfa_dna-tub-cetn-nhs_20240425_cl_s02
rcc10426_pfa_dna-tub-cetn-nhs_20240425_cl_s05,rcc10426_pfa_dna-tub-cetn-nhs_20240425_cl_s02_deconv
rcc10426_pfa_dna-tub-cetn-nhs_20240425_cl_s06,rcc10426_pfa_dna-tub-cetn-nhs_20240425_cl_s03
rcc10426_pfa_dna-tub-cetn-nhs_20240425_cl_s07,rcc10426_pfa_dna-tub-cetn-nhs_20240425_cl_s03_deconv
rcc10426_pfa_dna-tub-cetn-nhs_20240425_cl_s08,rcc10426_pfa_dna-tub-cetn-nhs_20240425_cl_s04
rcc10426_pfa_dna-tub-cetn-nhs_20240425_cl_s09,rcc10426_pfa_dna-tub-cetn-nhs_20240425_cl_s04_deconv
rcc10426_pfa_dna-tub-cetn-nhs_20240425_cl_s10,rcc10426_pfa_dna-tub-cetn-nhs_20240425_cl_s05
rcc10426_pfa_dna-tub-cetn-nhs_20240425_cl_s11,rcc10426_pfa_dna-tub-cetn-nhs_20240425_cl_s05_deconv
rcc10610_pfa_dna-tub-cetn-nhs_20240423_cl_s00,rcc10610_pfa_dna-tub-cetn-nhs_20240423_cl_s00
rcc10610_pfa_dna-tub-cetn-nhs_20240423_cl_s01,rcc10610_pfa_dna-tub-cetn-nhs_20240423_cl_s00_deconv
rcc10610_pfa_dna-tub-cetn-nhs_20240423_cl_s02,rcc10610_pfa_dna-tub-cetn-nhs_20240423_cl_s01
rcc10610_pfa_dna-tub-cetn-nhs_20240423_cl_s03,rcc10610_pfa_dna-tub-cetn-nhs_20240423_cl_s01_deconv
rcc10610_pfa_dna-tub-cetn-nhs_20240423_cl_s04,rcc10610_pfa_dna-tub-cetn-nhs_20240423_cl_s02
rcc10610_pfa_dna-tub-cetn-nhs_20240423_cl_s05,rcc10610_pfa_dna-tub-cetn-nhs_20240423_cl_s02_deconv
rcc10610_pfa_dna-tub-cetn-nhs_20240423_cl_s06,rcc10610_pfa_dna-tub-cetn-nhs_20240423_cl_s03
rcc10610_pfa_dna-tub-cetn-nhs_20240423_cl_s07,rcc10610_pfa_dna-tub-cetn-nhs_20240423_cl_s03_deconv
rcc10610_pfa_dna-tub-cetn-nhs_20240423_cl_s08,rcc10610_pfa_dna-tub-cetn-nhs_20240423_cl_s04
rcc10610_pfa_dna-tub-cetn-nhs_20240423_cl_s09,rcc10610_pfa_dna-tub-cetn-nhs_20240423_cl_s04_deconv
rcc10610_pfa_dna-tub-cetn-nhs_20240423_cl_s10,rcc10610_pfa_dna-tub-cetn-nhs_20240423_cl_s05
rcc10610_pfa_dna-tub-cetn-nhs_20240423_cl_s11,rcc10610_pfa_dna-tub-cetn-nhs_20240423_cl_s05_deconv
rcc10637_pfa_cetn-nhs-tub_20240411_cl_s00,rcc10637_pfa_cetn-nhs-tub_20240411_cl_s00
rcc10637_pfa_cetn-nhs-tub_20240411_cl_s01,rcc10637_pfa_cetn-nhs-tub_20240411_cl_s00_deconv
rcc10637_pfa_cetn-nhs-tub_20240411_cl_s02,rcc10637_pfa_cetn-nhs-tub_20240411_cl_s01
rcc10637_pfa_cetn-nhs-tub_20240411_cl_s03,rcc10637_pfa_cetn-nhs-tub_20240411_cl_s01_deconv
rcc10637_pfa_cetn-nhs-tub_20240411_cl_s04,rcc10637_pfa_cetn-nhs-tub_20240411_cl_s02
rcc10637_pfa_cetn-nhs-tub_20240411_cl_s05,rcc10637_pfa_cetn-nhs-tub_20240411_cl_s02_deconv
rcc10637_pfa_cetn-nhs-tub_20240411_cl_s06,rcc10637_pfa_cetn-nhs-tub_20240411_cl_s03
rcc10637_pfa_cetn-nhs-tub_20240411_cl_s07,rcc10637_pfa_cetn-nhs-tub_20240411_cl_s03_deconv
rcc10637_pfa_cetn-nhs-tub_20240411_cl_s08,rcc10637_pfa_cetn-nhs-tub_20240411_cl_s04
rcc10637_pfa_cetn-nhs-tub_20240411_cl_s09,rcc10637_pfa_cetn-nhs-tub_20240411_cl_s04_deconv
rcc10688_pfa_dna-nhs-tub_20230823_cl_s00,rcc10688_pfa_dna-nhs-tub_20230823_cl_s00
rcc10688_pfa_dna-nhs-tub_20230823_cl_s01,rcc10688_pfa_dna-nhs-tub_20230823_cl_s00_deconv
rcc10688_pfa_dna-nhs-tub_20230823_cl_s02,rcc10688_pfa_dna-nhs-tub_20230823_cl_s01
rcc10688_pfa_dna-nhs-tub_20230823_cl_s03,rcc10688_pfa_dna-nhs-tub_20230823_cl_s01_deconv
rcc10688_pfa_dna-nhs-tub_20230823_cl_s04,rcc10688_pfa_dna-nhs-tub_20230823_cl_s02
rcc10688_pfa_dna-nhs-tub_20230823_cl_s05,rcc10688_pfa_dna-nhs-tub_20230823_cl_s02_deconv
rcc10688_pfa_dna-nhs-tub_20230823_cl_s06,rcc10688_pfa_dna-nhs-tub_20230823_cl_s03
rcc10688_pfa_dna-nhs-tub_20230823_cl_s07,rcc10688_pfa_dna-nhs-tub_20230823_cl_s03_deconv
rcc10688_pfa_dna-nhs-tub_20230823_cl_s08,rcc10688_pfa_dna-nhs-tub_20230823_cl_s04
rcc10688_pfa_dna-nhs-tub_20230823_cl_s09,rcc10688_pfa_dna-nhs-tub_20230823_cl_s04_deconv
rcc10777_pfa_tub-cetn-dna-nhs_20240215_cl_s00,rcc10777_pfa_tub-cetn-dna-nhs_20240215_cl_s00
rcc10777_pfa_tub-cetn-dna-nhs_20240215_cl_s01,rcc10777_pfa_tub-cetn-dna-nhs_20240215_cl_s00_deconv
rcc10777_pfa_tub-cetn-dna-nhs_20240215_cl_s02,rcc10777_pfa_tub-cetn-dna-nhs_20240215_cl_s01
rcc10777_pfa_tub-cetn-dna-nhs_20240215_cl_s03,rcc10777_pfa_tub-cetn-dna-nhs_20240215_cl_s01_deconv
rcc10777_pfa_tub-cetn-dna-nhs_20240215_cl_s04,rcc10777_pfa_tub-cetn-dna-nhs_20240215_cl_s02
rcc10777_pfa_tub-cetn-dna-nhs_20240215_cl_s05,rcc10777_pfa_tub-cetn-dna-nhs_20240215_cl_s02_deconv
rcc10924_pfa_dna-nhs-tub_20230516_cl_s00,rcc10924_pfa_dna-nhs-tub_20230516_cl_s00
rcc10924_pfa_dna-nhs-tub_20230516_cl_s01,rcc10924_pfa_dna-nhs-tub_20230516_cl_s00_deconv
rcc10924_pfa_dna-nhs-tub_20230516_cl_s02,rcc10924_pfa_dna-nhs-tub_20230516_cl_s01
rcc10924_pfa_dna-nhs-tub_20230516_cl_s03,rcc10924_pfa_dna-nhs-tub_20230516_cl_s01_deconv
rcc10924_pfa_dna-nhs-tub_20230516_cl_s04,rcc10924_pfa_dna-nhs-tub_20230516_cl_s02
rcc10924_pfa_dna-nhs-tub_20230516_cl_s05,rcc10924_pfa_dna-nhs-tub_20230516_cl_s02_deconv
rcc10924_pfa_dna-nhs-tub_20230516_cl_s06,rcc10924_pfa_dna-nhs-tub_20230516_cl_s03
rcc10924_pfa_dna-nhs-tub_20230516_cl_s07,rcc10924_pfa_dna-nhs-tub_20230516_cl_s03_deconv
rcc1522_pfa_nhs-tub-dna_20230721_cl_s00,rcc1522_pfa_nhs-tub-dna_20230721_cl_s00
rcc1522_pfa_nhs-tub-dna_20230721_cl_s01,rcc1522_pfa_nhs-tub-dna_20230721_cl_s00_deconv
rcc1522_pfa_nhs-tub-dna_20230721_cl_s02,rcc1522_pfa_nhs-tub-dna_20230721_cl_s01
rcc1522_pfa_nhs-tub-dna_20230721_cl_s03,rcc1522_pfa_nhs-tub-dna_20230721_cl_s01_deconv
rcc1522_pfa_nhs-tub-dna_20230721_cl_s04,rcc1522_pfa_nhs-tub-dna_20230721_cl_s02
rcc1522_pfa_nhs-tub-dna_20230721_cl_s05,rcc1522_pfa_nhs-tub-dna_20230721_cl_s02_deconv
rcc1522_pfa_nhs-tub-dna_20230721_cl_s06,rcc1522_pfa_nhs-tub-dna_20230721_cl_s03
rcc1522_pfa_nhs-tub-dna_20230721_cl_s07,rcc1522_pfa_nhs-tub-dna_20230721_cl_s03_deconv
rcc1522_pfa_nhs-tub-dna_20230721_cl_s08,rcc1522_pfa_nhs-tub-dna_20230721_cl_s04
rcc1522_pfa_nhs-tub-dna_20230721_cl_s09,rcc1522_pfa_nhs-tub-dna_20230721_cl_s04_deconv
rcc1522_pfa_nhs-tub-dna_20230721_cl_s10,rcc1522_pfa_nhs-tub-dna_20230721_cl_s05
rcc1522_pfa_nhs-tub-dna_20230721_cl_s11,rcc1522_pfa_nhs-tub-dna_20230721_cl_s05_deconv
rcc2339_pfa_dna-nhs-tub_20230817_cl_s00,rcc2339_pfa_dna-nhs-tub_20230817_cl_s00
rcc2339_pfa_dna-nhs-tub_20230817_cl_s01,rcc2339_pfa_dna-nhs-tub_20230817_cl_s00_deconv
rcc2339_pfa_dna-nhs-tub_20230817_cl_s02,rcc2339_pfa_dna-nhs-tub_20230817_cl_s01
rcc2339_pfa_dna-nhs-tub_20230817_cl_s03,rcc2339_pfa_dna-nhs-tub_20230817_cl_s01_deconv
rcc2339_pfa_dna-nhs-tub_20230817_cl_s04,rcc2339_pfa_dna-nhs-tub_20230817_cl_s02
rcc2339_pfa_dna-nhs-tub_20230817_cl_s05,rcc2339_pfa_dna-nhs-tub_20230817_cl_s02_deconv
rcc2339_pfa_dna-nhs-tub_20230817_cl_s06,rcc2339_pfa_dna-nhs-tub_20230817_cl_s03
rcc2339_pfa_dna-nhs-tub_20230817_cl_s07,rcc2339_pfa_dna-nhs-tub_20230817_cl_s03_deconv
rcc2339_pfa_dna-nhs-tub_20230817_cl_s08,rcc2339_pfa_dna-nhs-tub_20230817_cl_s04
rcc2339_pfa_dna-nhs-tub_20230817_cl_s09,rcc2339_pfa_dna-nhs-tub_20230817_cl_s04_deconv
rcc2339_pfa_dna-nhs-tub_20230817_cl_s10,rcc2339_pfa_dna-nhs-tub_20230817_cl_s05
rcc2339_pfa_dna-nhs-tub_20230817_cl_s11,rcc2339_pfa_dna-nhs-tub_20230817_cl_s05_deconv
rcc2339_pfa_dna-nhs-tub_20230817_cl_s12,rcc2339_pfa_dna-nhs-tub_20230817_cl_s06
rcc2339_pfa_dna-nhs-tub_20230817_cl_s13,rcc2339_pfa_dna-nhs-tub_20230817_cl_s06_deconv
rcc2962_pfa_dna-nhs-tub_20230516_cl_s00,rcc2962_pfa_dna-nhs-tub_20230516_cl_s00
rcc2962_pfa_dna-nhs-tub_20230516_cl_s01,rcc2962_pfa_dna-nhs-tub_20230516_cl_s00_deconv
rcc2962_pfa_dna-nhs-tub_20230516_cl_s02,rcc2962_pfa_dna-nhs-tub_20230516_cl_s01
rcc2962_pfa_dna-nhs-tub_20230516_cl_s03,rcc2962_pfa_dna-nhs-tub_20230516_cl_s01_deconv
rcc2962_pfa_dna-nhs-tub_20230516_cl_s04,rcc2962_pfa_dna-nhs-tub_20230516_cl_s02
rcc2962_pfa_dna-nhs-tub_20230516_cl_s05,rcc2962_pfa_dna-nhs-tub_20230516_cl_s02_deconv
rcc2962_pfa_dna-nhs-tub_20230516_cl_s06,rcc2962_pfa_dna-nhs-tub_20230516_cl_s03
rcc2962_pfa_dna-nhs-tub_20230516_cl_s07,rcc2962_pfa_dna-nhs-tub_20230516_cl_s03_deconv
rcc2962_pfa_dna-nhs-tub_20230516_cl_s08,rcc2962_pfa_dna-nhs-tub_20230516_cl_s04
rcc2962_pfa_dna-nhs-tub_20230516_cl_s09,rcc2962_pfa_dna-nhs-tub_20230516_cl_s04_deconv
rcc3374_pfa_tub-dna-nhs_20230626_cl_s00,rcc3374_pfa_tub-dna-nhs_20230626_cl_s00
rcc3374_pfa_tub-dna-nhs_20230626_cl_s01,rcc3374_pfa_tub-dna-nhs_20230626_cl_s01
rcc3374_pfa_tub-dna-nhs_20230626_cl_s02,rcc3374_pfa_tub-dna-nhs_20230626_cl_s02_align
rcc3374_pfa_tub-dna-nhs_20230626_cl_s03,rcc3374_pfa_tub-dna-nhs_20230626_cl_s02_deconv_align
rcc3438_pfa_dna-nhs-tub_20230823_cl_s00,rcc3438_pfa_dna-nhs-tub_20230823_cl_s00
rcc3438_pfa_dna-nhs-tub_20230823_cl_s01,rcc3438_pfa_dna-nhs-tub_20230823_cl_s00_deconv
rcc3438_pfa_dna-nhs-tub_20230823_cl_s02,rcc3438_pfa_dna-nhs-tub_20230823_cl_s01
rcc3438_pfa_dna-nhs-tub_20230823_cl_s03,rcc3438_pfa_dna-nhs-tub_20230823_cl_s01_deconv
rcc3438_pfa_dna-nhs-tub_20230823_cl_s04,rcc3438_pfa_dna-nhs-tub_20230823_cl_s02
rcc3438_pfa_dna-nhs-tub_20230823_cl_s05,rcc3438_pfa_dna-nhs-tub_20230823_cl_s02_deconv
rcc3438_pfa_dna-nhs-tub_20230823_cl_s06,rcc3438_pfa_dna-nhs-tub_20230823_cl_s03
rcc3438_pfa_dna-nhs-tub_20230823_cl_s07,rcc3438_pfa_dna-nhs-tub_20230823_cl_s03_deconv
rcc3656_pfa_dna-nhs-cetn_20240325_cl_s00,rcc3656_pfa_dna-nhs-cetn_20240325_cl_s00
rcc3656_pfa_dna-nhs-cetn_20240325_cl_s01,rcc3656_pfa_dna-nhs-cetn_20240325_cl_s00_deconv
rcc3656_pfa_dna-nhs-cetn_20240325_cl_s02,rcc3656_pfa_dna-nhs-cetn_20240325_cl_s01
rcc3656_pfa_dna-nhs-cetn_20240325_cl_s03,rcc3656_pfa_dna-nhs-cetn_20240325_cl_s01_deconv
rcc3656_pfa_dna-nhs-cetn_20240325_cl_s04,rcc3656_pfa_dna-nhs-cetn_20240325_cl_s02
rcc3656_pfa_dna-nhs-cetn_20240325_cl_s05,rcc3656_pfa_dna-nhs-cetn_20240325_cl_s02_deconv
rcc3656_pfa_dna-nhs-cetn_20240325_cl_s06,rcc3656_pfa_dna-nhs-cetn_20240325_cl_s03
rcc3656_pfa_dna-nhs-cetn_20240325_cl_s07,rcc3656_pfa_dna-nhs-cetn_20240325_cl_s03_deconv
rcc3656_pfa_dna-nhs-cetn_20240325_cl_s08,rcc3656_pfa_dna-nhs-cetn_20240325_cl_s04
rcc3656_pfa_dna-nhs-cetn_20240325_cl_s09,rcc3656_pfa_dna-nhs-cetn_20240325_cl_s04_deconv
rcc3656_pfa_dna-nhs-cetn_20240325_cl_s10,rcc3656_pfa_dna-nhs-cetn_20240325_cl_s05
rcc3656_pfa_dna-nhs-cetn_20240325_cl_s11,rcc3656_pfa_dna-nhs-cetn_20240325_cl_s05_deconv
rcc3656_pfa_dna-nhs-cetn_20240325_cl_s12,rcc3656_pfa_dna-nhs-cetn_20240325_cl_s06
rcc3656_pfa_dna-nhs-cetn_20240325_cl_s13,rcc3656_pfa_dna-nhs-cetn_20240325_cl_s06_deconv
rcc3656_pfa_dna-nhs-cetn_20240325_cl_s14,rcc3656_pfa_dna-nhs-cetn_20240325_cl_s07
rcc3656_pfa_dna-nhs-cetn_20240325_cl_s15,rcc3656_pfa_dna-nhs-cetn_20240325_cl_s07_deconv
rcc3656_pfa_dna-nhs-cetn_20240325_cl_s16,rcc3656_pfa_dna-nhs-cetn_20240325_cl_s08
rcc3656_pfa_dna-nhs-cetn_20240325_cl_s17,rcc3656_pfa_dna-nhs-cetn_20240325_cl_s08_deconv
rcc4104_pfa_tub-dna-nhs_20230616_cl_s00,rcc4104_pfa_tub-dna-nhs_20230616_cl_s00
rcc4104_pfa_tub-dna-nhs_20230616_cl_s01,rcc4104_pfa_tub-dna-nhs_20230616_cl_s00_deconv
rcc4104_pfa_tub-dna-nhs_20230616_cl_s02,rcc4104_pfa_tub-dna-nhs_20230616_cl_s01
rcc4104_pfa_tub-dna-nhs_20230616_cl_s03,rcc4104_pfa_tub-dna-nhs_20230616_cl_s01_deconv
rcc4104_pfa_tub-dna-nhs_20230616_cl_s04,rcc4104_pfa_tub-dna-nhs_20230616_cl_s02
rcc4104_pfa_tub-dna-nhs_20230616_cl_s05,rcc4104_pfa_tub-dna-nhs_20230616_cl_s02_deconv
rcc4104_pfa_tub-dna-nhs_20230616_cl_s06,rcc4104_pfa_tub-dna-nhs_20230616_cl_s03
rcc4104_pfa_tub-dna-nhs_20230616_cl_s07,rcc4104_pfa_tub-dna-nhs_20230616_cl_s03_deconv
rcc4804_pfa_tub_20230705_cl_s00,rcc4804_pfa_tub-dna-nhs_20230705_cl_s00_deconv
rcc4804_pfa_tub-dna-nhs_20230705_cl_s01,rcc4804_pfa_tub-dna-nhs_20230705_cl_s01
rcc4804_pfa_tub-dna-nhs_20230705_cl_s02,rcc4804_pfa_tub-dna-nhs_20230705_cl_s01_deconv
rcc4804_pfa_tub-dna-nhs_20230705_cl_s03,rcc4804_pfa_tub-dna-nhs_20230705_cl_s02
rcc4804_pfa_tub-dna-nhs_20230705_cl_s04,rcc4804_pfa_tub-dna-nhs_20230705_cl_s02_deconv
rcc4804_pfa_tub-dna-nhs_20230705_cl_s05,rcc4804_pfa_tub-dna-nhs_20230705_cl_s03
rcc4804_pfa_tub-dna-nhs_20230705_cl_s06,rcc4804_pfa_tub-dna-nhs_20230705_cl_s03_deconv
rcc4804_pfa_tub-dna-nhs_20230705_cl_s07,rcc4804_pfa_tub-dna-nhs_20230705_cl_s04
rcc4804_pfa_tub-dna-nhs_20230705_cl_s08,rcc4804_pfa_tub-dna-nhs_20230705_cl_s04_deconv
rcc4804_pfa_tub-dna-nhs_20230705_cl_s09,rcc4804_pfa_tub-dna-nhs_20230705_cl_s05
rcc4804_pfa_tub-dna-nhs_20230705_cl_s10,rcc4804_pfa_tub-dna-nhs_20230705_cl_s05_deconv
rcc4804_pfa_tub-dna-nhs_20230705_cl_s11,rcc4804_pfa_tub-dna-nhs_20230705_cl_s06
rcc4804_pfa_tub-dna-nhs_20230705_cl_s12,rcc4804_pfa_tub-dna-nhs_20230705_cl_s06_deconv
rcc4804_pfa_tub-dna-nhs_20230705_cl_s13,rcc4804_pfa_tub-dna-nhs_20230705_cl_s07
rcc4804_pfa_tub-dna-nhs_20230705_cl_s14,rcc4804_pfa_tub-dna-nhs_20230705_cl_s07_deconv
rcc5249_pfa_dna-nhs-tub_20230719_cl_s00,rcc5249_pfa_dna-nhs-tub_20230719_cl_s00
rcc5249_pfa_dna-nhs-tub_20230719_cl_s01,rcc5249_pfa_dna-nhs-tub_20230719_cl_s00_deconv
rcc5249_pfa_dna-nhs-tub_20230719_cl_s02,rcc5249_pfa_dna-nhs-tub_20230719_cl_s01
rcc5249_pfa_dna-nhs-tub_20230719_cl_s03,rcc5249_pfa_dna-nhs-tub_20230719_cl_s01_deconv
rcc5249_pfa_dna-nhs-tub_20230719_cl_s04,rcc5249_pfa_dna-nhs-tub_20230719_cl_s02
rcc5249_pfa_dna-nhs-tub_20230719_cl_s05,rcc5249_pfa_dna-nhs-tub_20230719_cl_s02_deconv
rcc5249_pfa_dna-nhs-tub_20230719_cl_s06,rcc5249_pfa_dna-nhs-tub_20230719_cl_s03
rcc5249_pfa_dna-nhs-tub_20230719_cl_s07,rcc5249_pfa_dna-nhs-tub_20230719_cl_s03_deconv
rcc5249_pfa_dna-nhs-tub_20230719_cl_s08,rcc5249_pfa_dna-nhs-tub_20230719_cl_s04
rcc5249_pfa_dna-nhs-tub_20230719_cl_s09,rcc5249_pfa_dna-nhs-tub_20230719_cl_s04_deconv
rcc5249_pfa_dna-nhs-tub_20230719_cl_s10,rcc5249_pfa_dna-nhs-tub_20230719_cl_s05
rcc5249_pfa_dna-nhs-tub_20230719_cl_s11,rcc5249_pfa_dna-nhs-tub_20230719_cl_s05_deconv
rcc6171_pfa_dna-tub-cetn-nhs_20240425_cl_s00,rcc6171_pfa_dna-tub-cetn-nhs_20240425_cl_s00
rcc6171_pfa_dna-tub-cetn-nhs_20240425_cl_s01,rcc6171_pfa_dna-tub-cetn-nhs_20240425_cl_s00_deconv
rcc6171_pfa_dna-tub-cetn-nhs_20240425_cl_s02,rcc6171_pfa_dna-tub-cetn-nhs_20240425_cl_s01
rcc6171_pfa_dna-tub-cetn-nhs_20240425_cl_s03,rcc6171_pfa_dna-tub-cetn-nhs_20240425_cl_s01_deconv
rcc6171_pfa_dna-tub-cetn-nhs_20240425_cl_s04,rcc6171_pfa_dna-tub-cetn-nhs_20240425_cl_s02
rcc6171_pfa_dna-tub-cetn-nhs_20240425_cl_s05,rcc6171_pfa_dna-tub-cetn-nhs_20240425_cl_s02_deconv
rcc6234_pfa_dna-tub-cetn_20230522_cl_s00,rcc6234_pfa_dna-tub-cetn_20230522_cl_s00
rcc6234_pfa_dna-tub-cetn_20230522_cl_s01,rcc6234_pfa_dna-tub-cetn_20230522_cl_s00_deconv
rcc6234_pfa_dna-tub-cetn_20230522_cl_s02,rcc6234_pfa_dna-tub-cetn_20230522_cl_s01
rcc6234_pfa_dna-tub-cetn_20230522_cl_s03,rcc6234_pfa_dna-tub-cetn_20230522_cl_s01_deconv
rcc6234_pfa_cetn_20230522_cl_s04,rcc6234_pfa_dna-tub-cetn_20230522_cl_s02
rcc6234_pfa_cetn_20230522_cl_s05,rcc6234_pfa_dna-tub-cetn_20230522_cl_s02_deconv
rcc6234_pfa_cetn-tub_20230522_cl_s06,rcc6234_pfa_dna-tub-cetn_20230522_cl_s03
rcc6234_pfa_cetn-tub_20230522_cl_s07,rcc6234_pfa_dna-tub-cetn_20230522_cl_s03_deconv
rcc6234_pfa_dna-tub-cetn_20230522_cl_s08,rcc6234_pfa_dna-tub-cetn_20230522_cl_s04
rcc6234_pfa_dna-tub-cetn_20230522_cl_s09,rcc6234_pfa_dna-tub-cetn_20230522_cl_s04_deconv
rcc6234_pfa_dna-tub-cetn_20230522_cl_s10,rcc6234_pfa_dna-tub-cetn_20230522_cl_s05
rcc6234_pfa_dna-tub-cetn_20230522_cl_s11,rcc6234_pfa_dna-tub-cetn_20230522_cl_s05_deconv
rcc6234_pfa_dna-tub-cetn_20230522_cl_s12,rcc6234_pfa_dna-tub-cetn_20230522_cl_s06
rcc6234_pfa_dna-tub-cetn_20230522_cl_s13,rcc6234_pfa_dna-tub-cetn_20230522_cl_s06_deconv
rcc6234_pfa_dna-tub-cetn_20230522_cl_s14,rcc6234_pfa_dna-tub-cetn_20230522_cl_s07
rcc6234_pfa_dna-tub-cetn_20230522_cl_s15,rcc6234_pfa_dna-tub-cetn_20230522_cl_s07_deconv
rcc6234_pfa_dna-tub-cetn_20230522_cl_s16,rcc6234_pfa_dna-tub-cetn_20230522_cl_s08
rcc6234_pfa_cetn_20230522_cl_s17,rcc6234_pfa_dna-tub-cetn_20230522_cl_s09
rcc6234_pfa_cetn_20230522_cl_s18,rcc6234_pfa_dna-tub-cetn_20230522_cl_s09_deconv
rcc6234_pfa_dna-tub-cetn_20230522_cl_s19,rcc6234_pfa_dna-tub-cetn_20230522_cl_s10
rcc6234_pfa_dna-tub-cetn_20230522_cl_s20,rcc6234_pfa_dna-tub-cetn_20230522_cl_s10_deconv
rcc6234_pfa_tub-cetn_20230522_cl_s21,rcc6234_pfa_dna-tub-cetn_20230522_cl_s11
rcc6234_pfa_tub-cetn_20230522_cl_s22,rcc6234_pfa_dna-tub-cetn_20230522_cl_s11_deconv
rcc6234_pfa_tub-cetn_20230522_cl_s23,rcc6234_pfa_dna-tub-cetn_20230522_cl_s12
rcc6234_pfa_tub-cetn_20230522_cl_s24,rcc6234_pfa_dna-tub-cetn_20230522_cl_s12_deconv
rcc6323_pfa_tub-cetn-dna-nhs_20240215_cl_01_s00,rcc6323_pfa_tub-cetn-dna-nhs_20240215_cl_01_s00
rcc6323_pfa_tub-cetn-dna-nhs_20240215_cl_01_s01,rcc6323_pfa_tub-cetn-dna-nhs_20240215_cl_01_s00_deconv
rcc6323_pfa_tub-cetn-dna-nhs_20240215_cl_02_s00,rcc6323_pfa_tub-cetn-dna-nhs_20240215_cl_02_s00
rcc6323_pfa_tub-cetn-dna-nhs_20240215_cl_02_s01,rcc6323_pfa_tub-cetn-dna-nhs_20240215_cl_02_s00_deconv
rcc6323_pfa_tub-cetn-dna-nhs_20240215_cl_03_s00,rcc6323_pfa_tub-cetn-dna-nhs_20240215_cl_03_s00
rcc6323_pfa_tub-cetn-dna-nhs_20240215_cl_03_s01,rcc6323_pfa_tub-cetn-dna-nhs_20240215_cl_03_s00_deconv
rcc6323_pfa_tub-cetn-dna-nhs_20240215_cl_04_s00,rcc6323_pfa_tub-cetn-dna-nhs_20240215_cl_04_s00
rcc6323_pfa_tub-cetn-dna-nhs_20240215_cl_04_s01,rcc6323_pfa_tub-cetn-dna-nhs_20240215_cl_04_s00_deconv
rcc6323_pfa_tub-cetn-dna-nhs_20240215_cl_05_s00,rcc6323_pfa_tub-cetn-dna-nhs_20240215_cl_05_s00
rcc6323_pfa_tub-cetn-dna-nhs_20240215_cl_05_s01,rcc6323_pfa_tub-cetn-dna-nhs_20240215_cl_05_s00_deconv
rcc6336_pfa_dna-nhs-tub_20230815_cl_s00,rcc6336_pfa_dna-nhs-tub_20230815_cl_s00
rcc6336_pfa_dna-nhs-tub_20230815_cl_s01,rcc6336_pfa_dna-nhs-tub_20230815_cl_s00_deconv
rcc6336_pfa_dna-nhs-tub_20230815_cl_s02,rcc6336_pfa_dna-nhs-tub_20230815_cl_s01
rcc6336_pfa_dna-nhs-tub_20230815_cl_s03,rcc6336_pfa_dna-nhs-tub_20230815_cl_s01_deconv
rcc6336_pfa_dna-nhs-tub_20230815_cl_s04,rcc6336_pfa_dna-nhs-tub_20230815_cl_s02
rcc6336_pfa_dna-nhs-tub_20230815_cl_s05,rcc6336_pfa_dna-nhs-tub_20230815_cl_s02_deconv
rcc6444_pfa_tub-cetn-dna-nhs_20240214_cl_s00,rcc6444_pfa_tub-cetn-dna-nhs_20240214_cl_s00
rcc6444_pfa_tub-cetn-dna-nhs_20240214_cl_s01,rcc6444_pfa_tub-cetn-dna-nhs_20240214_cl_s01
rcc6444_pfa_tub-cetn-dna-nhs_20240214_cl_s02,rcc6444_pfa_tub-cetn-dna-nhs_20240214_cl_s02
rcc6444_pfa_tub-cetn-dna-nhs_20240214_cl_s03,rcc6444_pfa_tub-cetn-dna-nhs_20240214_cl_s02_deconv
rcc6444_pfa_tub-cetn-dna-nhs_20240214_cl_s04,rcc6444_pfa_tub-cetn-dna-nhs_20240214_cl_s03
rcc6444_pfa_tub-cetn-dna-nhs_20240214_cl_s05,rcc6444_pfa_tub-cetn-dna-nhs_20240214_cl_s04
rcc6444_pfa_tub-cetn-dna-nhs_20240215_cl_s00,rcc6444_pfa_tub-cetn-dna-nhs_20240215_cl_s00
rcc6444_pfa_tub-cetn-dna-nhs_20240215_cl_s01,rcc6444_pfa_tub-cetn-dna-nhs_20240215_cl_s00_deconv
rcc6444_pfa_tub-cetn-dna-nhs_20240215_cl_s02,rcc6444_pfa_tub-cetn-dna-nhs_20240215_cl_s01
rcc6444_pfa_tub-cetn-dna-nhs_20240215_cl_s03,rcc6444_pfa_tub-cetn-dna-nhs_20240215_cl_s01_deconv
rcc6516_pfa_dna-nhs-ctn_20240322_cl_s00,rcc6516_pfa_dna-nhs-ctn_20240322_cl_s00
rcc6516_pfa_dna-nhs-ctn_20240322_cl_s01,rcc6516_pfa_dna-nhs-ctn_20240322_cl_s01
rcc6516_pfa_dna-nhs-ctn_20240322_cl_s02,rcc6516_pfa_dna-nhs-ctn_20240322_cl_s02
rcc6516_pfa_dna-nhs-ctn_20240322_cl_s03,rcc6516_pfa_dna-nhs-ctn_20240322_cl_s02_deconv
rcc6516_pfa_dna-nhs-ctn_20240322_cl_s04,rcc6516_pfa_dna-nhs-ctn_20240322_cl_s03
rcc6516_pfa_dna-nhs-ctn_20240322_cl_s05,rcc6516_pfa_dna-nhs-ctn_20240322_cl_s03_deconv
rcc6684_pfa_dna-tub-cetn-nhs_20240425_cl_s00,rcc6684_pfa_dna-tub-cetn-nhs_20240425_cl_s00
rcc6684_pfa_dna-tub-cetn-nhs_20240425_cl_s01,rcc6684_pfa_dna-tub-cetn-nhs_20240425_cl_s01
rcc6684_pfa_dna-tub-cetn-nhs_20240425_cl_s02,rcc6684_pfa_dna-tub-cetn-nhs_20240425_cl_s02
rcc6684_pfa_dna-tub-cetn-nhs_20240425_cl_s03,rcc6684_pfa_dna-tub-cetn-nhs_20240425_cl_s02_deconv
rcc6684_pfa_dna-tub-cetn-nhs_20240425_cl_s04,rcc6684_pfa_dna-tub-cetn-nhs_20240425_cl_s03
rcc6684_pfa_dna-tub-cetn-nhs_20240425_cl_s05,rcc6684_pfa_dna-tub-cetn-nhs_20240425_cl_s03_deconv
rcc6684_pfa_dna-tub-cetn-nhs_20240425_cl_s06,rcc6684_pfa_dna-tub-cetn-nhs_20240425_cl_s04
rcc6684_pfa_dna-tub-cetn-nhs_20240425_cl_s07,rcc6684_pfa_dna-tub-cetn-nhs_20240425_cl_s04_deconv
rcc6684_pfa_dna-tub-cetn-nhs_20240425_cl_s08,rcc6684_pfa_dna-tub-cetn-nhs_20240425_cl_s05
rcc6684_pfa_dna-tub-cetn-nhs_20240425_cl_s09,rcc6684_pfa_dna-tub-cetn-nhs_20240425_cl_s05_deconv
rcc6684_pfa_dna-tub-cetn-nhs_20240425_cl_s10,rcc6684_pfa_dna-tub-cetn-nhs_20240425_cl_s06
rcc6684_pfa_dna-tub-cetn-nhs_20240425_cl_s11,rcc6684_pfa_dna-tub-cetn-nhs_20240425_cl_s06_deconv
rcc6684_pfa_dna-tub-cetn-nhs_20240425_cl_s12,rcc6684_pfa_dna-tub-cetn-nhs_20240425_cl_s07
rcc6684_pfa_dna-tub-cetn-nhs_20240425_cl_s13,rcc6684_pfa_dna-tub-cetn-nhs_20240425_cl_s07_deconv
rcc6684_pfa_dna-tub-cetn-nhs_20240425_cl_s14,rcc6684_pfa_dna-tub-cetn-nhs_20240425_cl_s08
rcc6684_pfa_dna-tub-cetn-nhs_20240425_cl_s15,rcc6684_pfa_dna-tub-cetn-nhs_20240425_cl_s08_deconv
rcc6684_pfa_nhs-tub-dna_20230721_cl_s00,rcc6684_pfa_nhs-tub-dna_20230721_cl_s00
rcc6684_pfa_nhs-tub-dna_20230721_cl_s01,rcc6684_pfa_nhs-tub-dna_20230721_cl_s00_deconv
rcc6684_pfa_nhs-tub-dna_20230721_cl_s02,rcc6684_pfa_nhs-tub-dna_20230721_cl_s01
rcc6684_pfa_nhs-tub-dna_20230721_cl_s03,rcc6684_pfa_nhs-tub-dna_20230721_cl_s01_deconv
rcc6684_pfa_nhs-tub-dna_20230721_cl_s04,rcc6684_pfa_nhs-tub-dna_20230721_cl_s02
rcc6684_pfa_nhs-tub-dna_20230721_cl_s05,rcc6684_pfa_nhs-tub-dna_20230721_cl_s02_deconv
rcc7000_pfa_dna-nhs-tub_20230519_cl_s00,rcc7000_pfa_dna-nhs-tub_20230519_cl_s00
rcc7000_pfa_dna-nhs-tub_20230519_cl_s01,rcc7000_pfa_dna-nhs-tub_20230519_cl_s00_deconv
rcc7000_pfa_dna-nhs-tub_20230519_cl_s02,rcc7000_pfa_dna-nhs-tub_20230519_cl_s01
rcc7000_pfa_dna-nhs-tub_20230519_cl_s03,rcc7000_pfa_dna-nhs-tub_20230519_cl_s01_deconv
rcc7000_pfa_dna-nhs-tub_20230519_cl_s04,rcc7000_pfa_dna-nhs-tub_20230519_cl_s02
rcc7000_pfa_dna-nhs-tub_20230519_cl_s05,rcc7000_pfa_dna-nhs-tub_20230519_cl_s02_deconv
rcc7000_pfa_dna-nhs-tub_20230519_cl_s06,rcc7000_pfa_dna-nhs-tub_20230519_cl_s03
rcc7000_pfa_dna-nhs-tub_20230519_cl_s07,rcc7000_pfa_dna-nhs-tub_20230519_cl_s03_deconv
rcc7000_pfa_dna-nhs-tub_20230519_cl_s08,rcc7000_pfa_dna-nhs-tub_20230519_cl_s04
rcc7000_pfa_dna-nhs-tub_20230519_cl_s09,rcc7000_pfa_dna-nhs-tub_20230519_cl_s04_deconv
rcc7000_pfa_dna-nhs-tub_20230519_cl_s10,rcc7000_pfa_dna-nhs-tub_20230519_cl_s05
rcc7000_pfa_dna-nhs-tub_20230519_cl_s11,rcc7000_pfa_dna-nhs-tub_20230519_cl_s05_deconv
rcc7000_pfa_dna-nhs-tub_20230519_cl_s12,rcc7000_pfa_dna-nhs-tub_20230519_cl_s06
rcc7000_pfa_dna-nhs-tub_20230519_cl_s13,rcc7000_pfa_dna-nhs-tub_20230519_cl_s06_deconv
rcc7000_pfa_dna-nhs-tub_20230519_cl_s14,rcc7000_pfa_dna-nhs-tub_20230519_cl_s07
rcc7000_pfa_dna-nhs-tub_20230519_cl_s15,rcc7000_pfa_dna-nhs-tub_20230519_cl_s07_deconv
rcc7000_pfa_dna-nhs-tub_20230519_cl_s16,rcc7000_pfa_dna-nhs-tub_20230519_cl_s08
rcc7000_pfa_dna-nhs-tub_20230519_cl_s17,rcc7000_pfa_dna-nhs-tub_20230519_cl_s08_deconv
rcc7000_pfa_dna-nhs-tub_20230519_cl_s18,rcc7000_pfa_dna-nhs-tub_20230519_cl_s09
rcc7000_pfa_dna-nhs-tub_20230519_cl_s19,rcc7000_pfa_dna-nhs-tub_20230519_cl_s09_deconv
rcc7000_pfa_dna-nhs-tub_20230519_cl_s20,rcc7000_pfa_dna-nhs-tub_20230519_cl_s10
rcc7000_pfa_dna-nhs-tub_20230519_cl_s21,rcc7000_pfa_dna-nhs-tub_20230519_cl_s10_deconv
rcc7000_pfa_dna-nhs-tub_20230519_cl_s22,rcc7000_pfa_dna-nhs-tub_20230519_cl_s11
rcck1260_pfa_dna-nhs-tub_20230516_cl_s00,rcck1260_pfa_dna-nhs-tub_20230516_cl_s00
rcck1260_pfa_dna-nhs-tub_20230516_cl_s01,rcck1260_pfa_dna-nhs-tub_20230516_cl_s00_deconv
rcck1260_pfa_dna-nhs-tub_20230516_cl_s02,rcck1260_pfa_dna-nhs-tub_20230516_cl_s01
rcck1260_pfa_dna-nhs-tub_20230516_cl_s03,rcck1260_pfa_dna-nhs-tub_20230516_cl_s01_deconv
rcck1260_pfa_dna-nhs-tub_20230516_cl_s04,rcck1260_pfa_dna-nhs-tub_20230516_cl_s02
rcck1260_pfa_dna-nhs-tub_20230516_cl_s05,rcck1260_pfa_dna-nhs-tub_20230516_cl_s02_deconv
rcck1260_pfa_dna-nhs-tub_20230516_cl_s06,rcck1260_pfa_dna-nhs-tub_20230516_cl_s03
rcck1260_pfa_dna-nhs-tub_20230516_cl_s07,rcck1260_pfa_dna-nhs-tub_20230516_cl_s03_deconv
rcck1260_pfa_dna-nhs-tub_20230516_cl_s08,rcck1260_pfa_dna-nhs-tub_20230516_cl_s04
rcck1260_pfa_dna-nhs-tub_20230516_cl_s09,rcck1260_pfa_dna-nhs-tub_20230516_cl_s04_deconv
rcck1260_pfa_dna-nhs-tub_20230516_cl_s10,rcck1260_pfa_dna-nhs-tub_20230516_cl_s05
rcck1260_pfa_dna-nhs-tub_20230516_cl_s11,rcck1260_pfa_dna-nhs-tub_20230516_cl_s05_deconv
rcck1260_pfa_dna-nhs-tub_20230516_cl_s12,rcck1260_pfa_dna-nhs-tub_20230516_cl_s06
rcck1260_pfa_dna-nhs-tub_20230516_cl_s13,rcck1260_pfa_dna-nhs-tub_20230516_cl_s06_deconv
rccp22-81_pfa_dna-nhs-tub_20230616_cl_s00,rccp22-81_pfa_dna-nhs-tub_20230616_cl_s00
rccp22-81_pfa_dna-nhs-tub_20230616_cl_s01,rccp22-81_pfa_dna-nhs-tub_20230616_cl_s00_deconv
rccp22-81_pfa_dna-nhs-tub_20230616_cl_s02,rccp22-81_pfa_dna-nhs-tub_20230616_cl_s01
rccp22-81_pfa_dna-nhs-tub_20230616_cl_s03,rccp22-81_pfa_dna-nhs-tub_20230616_cl_s01_deconv
rccp22-81_pfa_dna-nhs-tub_20230616_cl_s04,rccp22-81_pfa_dna-nhs-tub_20230616_cl_s02
rccp22-81_pfa_dna-nhs-tub_20230616_cl_s05,rccp22-81_pfa_dna-nhs-tub_20230616_cl_s02_deconv
rccp22-81_pfa_dna-nhs-tub_20230616_cl_s06,rccp22-81_pfa_dna-nhs-tub_20230616_cl_s03
rccp22-81_pfa_dna-nhs-tub_20230616_cl_s07,rccp22-81_pfa_dna-nhs-tub_20230616_cl_s03_deconv
rccp22-81_pfa_dna-nhs-tub_20230616_cl_s08,rccp22-81_pfa_dna-nhs-tub_20230616_cl_s04
rccp22-81_pfa_dna-nhs-tub_20230616_cl_s09,rccp22-81_pfa_dna-nhs-tub_20230616_cl_s04_deconv
rccp22-81_pfa_dna-nhs-tub_20230616_cl_s10,rccp22-81_pfa_dna-nhs-tub_20230616_cl_s05
rccp22-81_pfa_dna-nhs-tub_20230616_cl_s11,rccp22-81_pfa_dna-nhs-tub_20230616_cl_s05_deconv
rccp22-81_pfa_dna-nhs-tub_20230616_cl_s12,rccp22-81_pfa_dna-nhs-tub_20230616_cl_s06
rccp22-81_pfa_dna-nhs-tub_20230616_cl_s13,rccp22-81_pfa_dna-nhs-tub_20230616_cl_s06_deconv
rccp22-81_pfa_dna-nhs-tub_20230616_cl_s14,rccp22-81_pfa_dna-nhs-tub_20230616_cl_s07
rccp22-81_pfa_dna-nhs-tub_20230616_cl_s15,rccp22-81_pfa_dna-nhs-tub_20230616_cl_s07_deconv
rccp22-81_pfa_dna-nhs-tub_20230616_cl_s16,rccp22-81_pfa_dna-nhs-tub_20230616_cl_s08
rccp22-81_pfa_dna-nhs-tub_20230616_cl_s17,rccp22-81_pfa_dna-nhs-tub_20230616_cl_s08_deconv
